user_id,group_id,journal_id,created_at,updated_at,group_title,type,currency_code,amount,foreign_currency_code,foreign_amount,primary_currency_code,pc_amount,pc_foreign_amount,description,date,source_name,source_iban,source_type,destination_name,destination_iban,destination_type,reconciled,category,budget,bill,tags,notes,sepa_cc,sepa_ct_op,sepa_ct_id,sepa_db,sepa_country,sepa_ep,sepa_ci,sepa_batch_id,external_url,interest_date,book_date,process_date,due_date,payment_date,invoice_date,recurrence_id,internal_reference,bunq_payment_id,import_hash,import_hash_v2,external_id,original_source,recurrence_total,recurrence_count,recurrence_date
3,731,731,2026-09-10T15:03:16+02:00,2026-09-10T15:03:16+02:00,,"Opening balance",USD,500.08,,,CAD,,,"Initial balance for ""Omni CCU Savings (Rico)""",2026-09-10T00:00:00+02:00,"Initial balance for ""Omni CCU Savings (Rico)""",,"Initial balance account","Omni CCU Savings (Rico)",,"Asset account",,,,,,,,,,,,,,,,,,,,,,,,,,372f15040279608858780e72dd0fd708ab0eb1bfc856ee5e985c9fd128fc036f,,,,
3,730,730,2026-09-10T15:02:38+02:00,2026-09-10T15:02:38+02:00,,"Opening balance",USD,800.01,,,CAD,,,"Initial balance for ""Omni CCU Contractor Taxes (Rico)""",2026-09-10T00:00:00+02:00,"Initial balance for ""Omni CCU Contractor Taxes (Rico)""",,"Initial balance account","Omni CCU Contractor Taxes (Rico)",,"Asset account",,,,,,,,,,,,,,,,,,,,,,,,,,78d6167a9408cb52be68a291d444e34985da9b746d84fdc91aa5c62a9790ea53,,,,
3,555,555,2026-04-22T03:25:49+02:00,2026-04-22T03:25:49+02:00,,Deposit,CAD,30.91,,,CAD,,,"Ontario Trillium Benefit (OTB)",2026-04-21T21:25:00+02:00,Government,,"Revenue account","Polish Credit Union (Veronica)",,"Asset account",,,,,,,,,,,,,,,,,,,,,,,,,,9df2711b472cbf3de390ec0d59888909e15c2a729cd34cc6755b2bdde57e3c97,,,,
3,554,554,2026-04-22T03:25:30+02:00,2026-04-22T03:25:30+02:00,,Withdrawal,CAD,-21.73,,,CAD,,,"Paying part of internet bill",2026-04-19T21:24:00+02:00,"Polish Credit Union (Veronica)",,"Asset account","Household Expenses",,"Expense account",,,,,,"Old; resending the rejected etrs to Daniel",,,,,,,,,,,,,,,,,,,,61a4d1c4fafb4178369eb5ba2e4331289086b609a8aad6a334b5c6e13965975b,,,,
3,553,553,2026-04-22T03:24:54+02:00,2026-04-22T03:24:54+02:00,,Deposit,CAD,21.73,,,CAD,,,"Declined/Returned etrs",2026-04-19T21:24:00+02:00,Misc.,,"Revenue account","Polish Credit Union (Veronica)",,"Asset account",,,,,,"Dan forgot to redeem my old etrs lmao",,,,,,,,,,,,,,,,,,,,ef72f453570707315c80f485c4aa906dc200d944d6ec40ae2ff9fbafb35eaedb,,,,
3,552,552,2026-04-22T03:24:18+02:00,2026-04-22T03:24:18+02:00,,Withdrawal,CAD,-22.00,,,CAD,,,"Paying part of internet bill",2026-04-19T21:23:00+02:00,"Polish Credit Union (Veronica)",,"Asset account","Household Expenses",,"Expense account",,,,,,"(Etrs to Daniel)",,,,,,,,,,,,,,,,,,,,932bd2073096d5e2b76e826b4fff7ef04a7e921e93b53d21d88ba1c32f903b55,,,,
3,551,551,2026-04-22T03:23:32+02:00,2026-04-22T03:23:32+02:00,,Deposit,CAD,100.00,,,CAD,,,"Repayment from Tata",2026-04-19T21:23:00+02:00,"Tata (Dad)",,"Revenue account","Polish Credit Union (Veronica)",,"Asset account",,,,,,?,,,,,,,,,,,,,,,,,,,,e973035009ec7c8446a3f85a75e49245a538b23d2d074f8c985f9d90efe15e69,,,,
3,716,716,2026-04-22T04:54:22+02:00,2026-04-22T04:54:22+02:00,,Withdrawal,CAD,-15.35,,,CAD,,,"Parking (Honk)",2026-04-17T22:54:00+02:00,"Collabria Credit Card (Veronica)",,"Asset account","Gas & Car Expenses",,"Expense account",,,"Parking Fees",,,,,,,,,,,,,,,,,,,,,,,849ccfadc9525e9559dca23e2f0e85d4519909bc3c0e5fcb967590a2e5b5e579,,,,
3,715,715,2026-04-22T04:54:07+02:00,2026-04-22T04:54:07+02:00,,Withdrawal,CAD,-9.94,,,CAD,,,"Walmart (snacks for exam)",2026-04-15T22:53:00+02:00,"Collabria Credit Card (Veronica)",,"Asset account",Groceries,,"Expense account",,,,,,,,,,,,,,,,,,,,,,,,,,2af1a8d1c2f71fc8d9df7c7d76d533b0b668ad67db153dfa33bd331e754d93f3,,,,
3,714,714,2026-04-22T04:53:42+02:00,2026-04-22T04:53:42+02:00,,Withdrawal,CAD,-1.46,,,CAD,,,"Bulk Barn (chocolate coffee beans for studying)",2026-04-15T22:53:00+02:00,"Collabria Credit Card (Veronica)",,"Asset account",Takeout,,"Expense account",,,,,,,,,,,,,,,,,,,,,,,,,,dd718e3727ca74a395a06ff22531f75a5063b75b610f4922a18f8fee66519527,,,,
3,713,713,2026-04-22T04:53:15+02:00,2026-04-22T04:53:15+02:00,,Withdrawal,CAD,-3.15,,,CAD,,,"Costco Cafeteria (hotdog)",2026-04-15T22:52:00+02:00,"Collabria Credit Card (Veronica)",,"Asset account",Takeout,,"Expense account",,,,,,,,,,,,,,,,,,,,,,,,,,0e45dd2b174e8d5885e7e3ae5f85033464db8149f1978f230799ca6fcc593826,,,,
3,712,712,2026-04-22T04:52:51+02:00,2026-04-22T04:52:51+02:00,,Withdrawal,CAD,-3.85,,,CAD,,,"Parking (Honk)",2026-04-15T22:52:00+02:00,"Collabria Credit Card (Veronica)",,"Asset account","Gas & Car Expenses",,"Expense account",,,"Parking Fees",,,,,,,,,,,,,,,,,,,,,,,8f16fa0f913dd694b599bdbeb56a831dc6034fcf34d58e504ca8db9bf2c464c3,,,,
3,711,711,2026-04-22T04:52:37+02:00,2026-04-22T04:52:37+02:00,,Withdrawal,CAD,-3.85,,,CAD,,,"Parking (Honk)",2026-04-15T22:52:00+02:00,"Collabria Credit Card (Veronica)",,"Asset account","Gas & Car Expenses",,"Expense account",,,"Parking Fees",,,,,,,,,,,,,,,,,,,,,,,8f16fa0f913dd694b599bdbeb56a831dc6034fcf34d58e504ca8db9bf2c464c3,,,,
3,710,710,2026-04-22T04:52:19+02:00,2026-04-22T04:52:19+02:00,,Withdrawal,CAD,-3.85,,,CAD,,,"Parking (Honk)",2026-04-15T22:52:00+02:00,"Collabria Credit Card (Veronica)",,"Asset account","Gas & Car Expenses",,"Expense account",,,"Parking Fees",,,,,,,,,,,,,,,,,,,,,,,8f16fa0f913dd694b599bdbeb56a831dc6034fcf34d58e504ca8db9bf2c464c3,,,,
3,550,550,2026-04-22T03:23:00+02:00,2026-04-22T03:23:00+02:00,,Withdrawal,CAD,-349.09,,,CAD,,,"Trs from Mya to Rico over Paypal (I'm the middle man)",2026-04-15T21:22:00+02:00,"Polish Credit Union (Veronica)",,"Asset account","Rico (Paypal)",,"Expense account",,,,,,"I ate the fee",,,,,,,,,,,,,,,,,,,,88a236c8a25df50e5ce5708f152a8fb847e9aa1ea9bc4c5b471e4d83f7550d7a,,,,
3,709,709,2026-04-22T04:52:02+02:00,2026-04-22T04:52:02+02:00,,Withdrawal,CAD,-25.25,,,CAD,,,"Coinamatic (laundry card)",2026-04-14T22:51:00+02:00,"Collabria Credit Card (Veronica)",,"Asset account","Household Expenses",,"Expense account",,,,,,,,,,,,,,,,,,,,,,,,,,4cccbe94b441b27e1f59004a1c5935c7ffbcd47ae69ef7d9e7723df4035470c0,,,,
3,549,549,2026-04-22T03:22:35+02:00,2026-04-22T03:22:35+02:00,,Deposit,CAD,346.09,,,CAD,,,"Trs from Mya to Rico over Paypal (I'm the middle man)",2026-04-13T21:21:00+02:00,Friend,,"Revenue account","Polish Credit Union (Veronica)",,"Asset account",,,,,,,,,,,,,,,,,,,,,,,,,,bdc6b1431ddaf92d22848f5c66950508b04f130fa4845742eb2cbfc833369bfa,,,,
3,548,548,2026-04-22T03:21:41+02:00,2026-04-22T03:21:41+02:00,,Deposit,CAD,101.89,,,CAD,,,"GST/HST Credit (GOV)",2026-04-13T21:21:00+02:00,Government,,"Revenue account","Polish Credit Union (Veronica)",,"Asset account",,,,,,,,,,,,,,,,,,,,,,,,,,0511ae168f5fd3fb9e077573e61355d8893961055189894280db9ef2008d6ec0,,,,
3,708,708,2026-04-22T04:51:43+02:00,2026-04-22T04:51:43+02:00,,Withdrawal,CAD,-6.47,,,CAD,,,"Walmart (snacks for exam)",2026-04-10T22:51:00+02:00,"Collabria Credit Card (Veronica)",,"Asset account",Groceries,,"Expense account",,,,,,,,,,,,,,,,,,,,,,,,,,6431a0e244f2917c75a3e11946d038466e5357266824fe6909896fe260436530,,,,
3,547,547,2026-04-22T03:21:13+02:00,2026-04-22T03:21:13+02:00,,Deposit,CAD,134.32,,,CAD,,,Income,2026-04-10T21:20:00+02:00,"POLCU Job (Veronica)",,"Revenue account","Polish Credit Union (Veronica)",,"Asset account",,,,,,,,,,,,,,,,,,,,,,,,,,c3d20f3f2d9f11de414908579f664ddb2d770686e150e84d0327e45bcaf12c06,,,,
3,707,707,2026-04-22T04:50:22+02:00,2026-04-22T04:50:22+02:00,,Withdrawal,CAD,-20.00,,,CAD,,,"YORK U (Parking - Daily)",2026-04-09T22:50:00+02:00,"Collabria Credit Card (Veronica)",,"Asset account","Gas & Car Expenses",,"Expense account",,,,,,,,,,,,,,,,,,,,,,,,,,3d4d18aa89e160d1f3a43836bbff92f0aeefced16f9d1a6c20a9db8a2171fbf8,,,,
3,706,706,2026-04-22T04:50:06+02:00,2026-04-22T04:50:06+02:00,,Withdrawal,CAD,-4.57,,,CAD,,,Metro,2026-04-09T22:49:00+02:00,"Collabria Credit Card (Veronica)",,"Asset account",Groceries,,"Expense account",,,,,,,,,,,,,,,,,,,,,,,,,,1bc3be1791ac2a539d619b21c583e517c38293be2f1aae89c7fb0dfcc993bfc5,,,,
3,705,705,2026-04-22T04:49:47+02:00,2026-04-22T04:49:47+02:00,,Withdrawal,CAD,-47.53,,,CAD,,,"Walmart (groceries for Eloise, paid back)",2026-04-09T22:49:00+02:00,"Collabria Credit Card (Veronica)",,"Asset account",Eloise,,"Expense account",,,,,,,,,,,,,,,,,,,,,,,,,,43eb56126c116aa4122e8a5e76840f8a97951f667ebb2ff6ef6ed68e109c01c0,,,,
3,704,704,2026-04-22T04:49:20+02:00,2026-04-22T04:49:20+02:00,,Withdrawal,CAD,-15.06,,,CAD,,,"Gas at Esso",2026-04-07T22:49:00+02:00,"Collabria Credit Card (Veronica)",,"Asset account","Gas & Car Expenses",,"Expense account",,,"Gas & Car Maintenance",,,,,,,,,,,,,,,,,,,,,,,810310c176c81de66e6050bc3851903e793f5f939292cf38abfa64071799a05c,,,,
3,546,546,2026-04-22T03:20:31+02:00,2026-04-22T03:20:31+02:00,,Withdrawal,CAD,-27.00,,,CAD,,,"Etrs to Tata",2026-04-04T21:19:00+02:00,"Polish Credit Union (Veronica)",,"Asset account",Tata,,"Expense account",,,,,,?,,,,,,,,,,,,,,,,,,,,3dd76a23f3f295a65e48a89be6cc4419d698a20b17bbafe78d2760c68e6c0622,,,,
3,703,703,2026-04-22T04:49:00+02:00,2026-04-22T04:49:00+02:00,,Withdrawal,CAD,-6.60,,,CAD,,,"Presto Fare",2026-04-02T22:48:00+02:00,"Collabria Credit Card (Veronica)",,"Asset account","Misc. Transport Expenses",,"Expense account",,,,,,,,,,,,,,,,,,,,,,,,,,b83e02b1586d70192f278b069d003fe7262f653178f7e43ce43fa01a1b0f90c5,,,,
3,702,702,2026-04-22T04:48:03+02:00,2026-04-22T04:48:03+02:00,,Withdrawal,CAD,-15.00,,,CAD,,,"YORK U (Parking - Daily)",2026-04-02T22:47:00+02:00,"Collabria Credit Card (Veronica)",,"Asset account","Gas & Car Expenses",,"Expense account",,,,,,,,,,,,,,,,,,,,,,,,,,178ef3cf6bb67bbd9af5d7abce5de5bfd176766b09c47737b308d283dd241c1b,,,,
3,701,701,2026-04-22T04:47:35+02:00,2026-04-22T04:47:35+02:00,,Withdrawal,CAD,-25.14,,,CAD,,,"Gas at Esso",2026-04-02T22:47:00+02:00,"Collabria Credit Card (Veronica)",,"Asset account","Gas & Car Expenses",,"Expense account",,,"Gas & Car Maintenance",,,,,,,,,,,,,,,,,,,,,,,7889d9c181b032a4210f46326aa351aa20d0c29b67cd406342ae3e9c1fdce9c5,,,,
3,545,545,2026-04-22T03:18:54+02:00,2026-04-22T03:20:44+02:00,,Withdrawal,CAD,-5.00,,,CAD,,,"Exchange (etrs for cash)",2026-04-02T21:18:00+02:00,"Polish Credit Union (Veronica)",,"Asset account",Eloise,,"Expense account",,,,,,,,,,,,,,,,,,,,,,,,,,131a16649c94f7d490e73970360e295e76c967db4069bd499c458eb66cdf0bed,,,,
3,700,700,2026-04-22T04:47:16+02:00,2026-04-22T04:47:16+02:00,,Withdrawal,CAD,-10.85,,,CAD,,,"Parking (Honk)",2026-04-01T22:46:00+02:00,"Collabria Credit Card (Veronica)",,"Asset account","Gas & Car Expenses",,"Expense account",,,"Parking Fees",,,,,,,,,,,,,,,,,,,,,,,0fd8201c8038392b523a9ea39b411e2454810a93cd82a0f2fb8c290fa8137ca6,,,,
3,534,534,2026-04-02T03:45:28+02:00,2026-04-02T03:45:28+02:00,,Transfer,CAD,60.55,,,CAD,,,"Bill Payment (CIBC CC)",2026-04-01T21:44:00+02:00,"Polish Credit Union (Veronica)",,"Asset account","CIBC Costco Credit Card (Veronica)",,"Asset account",,,,,,"$60 at costco that Eloise paid back",,,,,,,,,,,,,,,,,,,,86a022d830ceb3ba9380e32063a12b9120c5450f4a4339fa36a5f899eaac760d,,,,
3,533,533,2026-04-02T03:44:51+02:00,2026-04-02T03:44:51+02:00,,Transfer,CAD,3213.27,,,CAD,,,"Bill Payment (Collabria CC)",2026-04-01T21:44:00+02:00,"Polish Credit Union (Veronica)",,"Asset account","Collabria Credit Card (Veronica)",,"Asset account",,,,,,"Huge amnt because ~$2k went to ticket to Poland (+ other transactions)",,,,,,,,,,,,,,,,,,,,a63baeba080c153f0c9c68f455f883b4c1c2c645b7777034fa5781365f6d365a,,,,
3,532,532,2026-04-02T03:43:59+02:00,2026-04-02T03:43:59+02:00,,Deposit,CAD,96.00,,,CAD,,,"Repayment from Daniel",2026-04-01T21:43:00+02:00,Daniel,,"Revenue account","Polish Credit Union (Veronica)",,"Asset account",,,,,,"$40 for cash on bar day weeks ago, $40 for cash for con day, $16 for 15 bucks spent at con using my collabria card",,,,,,,,,,,,,,,,,,,,1f3345fbad5c2de2ef75003141698742ecc33113a83612b55fa5d04a31147738,,,,
3,699,699,2026-04-22T04:46:45+02:00,2026-04-22T04:46:45+02:00,,Withdrawal,CAD,-14.40,,,CAD,,,Freshpro,2026-03-31T22:46:00+02:00,"Collabria Credit Card (Veronica)",,"Asset account",Groceries,,"Expense account",,,,,,,,,,,,,,,,,,,,,,,,,,afb542e2c57c67672198bb2ece25f6415e92a8d543b75b24a9e4f5b40ff3d509,,,,
3,698,698,2026-04-22T04:46:23+02:00,2026-04-22T04:46:23+02:00,,Withdrawal,CAD,-10.85,,,CAD,,,"Parking (Honk)",2026-03-31T22:46:00+02:00,"Collabria Credit Card (Veronica)",,"Asset account","Gas & Car Expenses",,"Expense account",,,"Parking Fees",,,,,,,,,,,,,,,,,,,,,,,d230a5bc0e13d06874e126baf519135ef5f44ec4a2c7865297df30910c6a7774,,,,
3,697,697,2026-04-22T04:46:04+02:00,2026-04-22T05:19:30+02:00,,Withdrawal,CAD,-30.51,,,CAD,,,"Fizz (Phone Bill)",2026-03-31T22:45:00+02:00,"Collabria Credit Card (Veronica)",,"Asset account","Household Expenses",,"Expense account",,,,"Phone Bill (Veronica)",,,,,,,,,,,,,,,,,,,,,,469cf0e125b28221882ed845e66aace17a61c69f82db4aa69dde61b1ab10d2bf,,,,
3,531,531,2026-04-02T03:42:58+02:00,2026-04-02T03:42:58+02:00,,Deposit,CAD,0.21,,,CAD,,,"Savings Acct Interest from POLCU",2026-03-31T21:42:00+02:00,Interest,,"Revenue account","Polish Credit Union (Veronica)",,"Asset account",,,,,,,,,,,,,,,,,,,,,,,,,,b489f353afa2a938bfb9dcee07cef10577419c059434d117f5ebce90907221b6,,,,
3,696,696,2026-04-22T04:45:42+02:00,2026-04-22T04:45:42+02:00,,Withdrawal,CAD,-15.35,,,CAD,,,"Parking (Honk)",2026-03-30T22:45:00+02:00,"Collabria Credit Card (Veronica)",,"Asset account","Gas & Car Expenses",,"Expense account",,,"Parking Fees",,,,,,,,,,,,,,,,,,,,,,,2c5332e8f4b0bd92cbdc89ea83c75a6071b3f4f6baea79fb4cefccf830f29433,,,,
3,695,695,2026-04-22T04:45:25+02:00,2026-04-22T04:45:25+02:00,,Withdrawal,CAD,-14.60,,,CAD,,,Freshpro,2026-03-29T22:45:00+02:00,"Collabria Credit Card (Veronica)",,"Asset account",Groceries,,"Expense account",,,,,,,,,,,,,,,,,,,,,,,,,,20b41cd960bf9a2105adf939e0c0617cb7c464013495c871b3fe1b0696ac6ace,,,,
3,694,694,2026-04-22T04:45:03+02:00,2026-04-22T04:45:03+02:00,,Withdrawal,CAD,-7.07,,,CAD,,,Freshpro,2026-03-28T22:44:00+01:00,"Collabria Credit Card (Veronica)",,"Asset account",Groceries,,"Expense account",,,,,,,,,,,,,,,,,,,,,,,,,,6b01c40d1a5dda3a6625a378f477159ad668fc4ce7e1ca697ef81be7bae51637,,,,
3,693,693,2026-04-22T04:44:41+02:00,2026-04-22T04:44:41+02:00,,Withdrawal,CAD,-24.49,,,CAD,,,Freshco,2026-03-28T22:44:00+01:00,"Collabria Credit Card (Veronica)",,"Asset account",Groceries,,"Expense account",,,,,,,,,,,,,,,,,,,,,,,,,,9666c043b214f7acb37c80e840d0911960673a90fe4121badf3cec165fc7ece9,,,,
3,692,692,2026-04-22T04:43:56+02:00,2026-04-22T04:43:56+02:00,,Withdrawal,CAD,-15.00,,,CAD,,,"CHEMICO (Genshiken merch, Dan)",2026-03-28T22:43:00+01:00,"Collabria Credit Card (Veronica)",,"Asset account",Daniel,,"Expense account",,,,,,,,,,,,,,,,,,,,,,,,,,6b49f1a6d60ca7c779f9c66e8d0253ec70ea3f0a10ac87964fef9fe5aa2316a0,,,,
3,691,691,2026-04-22T04:43:17+02:00,2026-04-22T04:44:13+02:00,,Withdrawal,CAD,-42.00,,,CAD,,,"OAS FEST (Genshiken tickets for Dan)",2026-03-28T22:42:00+01:00,"Collabria Credit Card (Veronica)",,"Asset account",Daniel,,"Expense account",,,,,,"he paid back in etrs - tickets for him and friend",,,,,,,,,,,,,,,,,,,,965df063a098765a4e3e416a393211e4e279e3dfb6b885b7f626f13707894ef3,,,,
3,690,690,2026-04-22T04:42:24+02:00,2026-04-22T04:42:24+02:00,,Withdrawal,CAD,-14.55,,,CAD,,,"Pizza Pizza (w Babcia!)",2026-03-27T22:41:00+01:00,"Collabria Credit Card (Veronica)",,"Asset account",Takeout,,"Expense account",,,,,,,,,,,,,,,,,,,,,,,,,,4bba81b083ee7f0fb562b0eb0c6eefc8770924a35975d1746701ea1a7ac1c8e2,,,,
3,530,530,2026-04-02T03:42:38+02:00,2026-04-02T03:42:38+02:00,,Withdrawal,CAD,-40.00,,,CAD,,,"Withd Cash",2026-03-27T21:42:00+01:00,"Polish Credit Union (Veronica)",,"Asset account",Cash,,"Expense account",,,,,,"(Gave to Dan for the con, he etrs repaid)",,,,,,,,,,,,,,,,,,,,9c91eb16edf462465dec96e42db6ab9d790b309390b4e72a59d608cd173d010d,,,,
3,529,529,2026-04-02T03:41:45+02:00,2026-04-02T03:41:45+02:00,,Deposit,CAD,288.10,,,CAD,,,"Income (Ratification Bonus)",2026-03-27T21:41:00+01:00,"POLCU Job (Veronica)",,"Revenue account","Polish Credit Union (Veronica)",,"Asset account",,,,,,,,,,,,,,,,,,,,,,,,,,2c0dd3f6c9d62cd53124aae098f296622d8cdeef05443f75e05bc7e8d6a340b8,,,,
3,528,528,2026-04-02T03:41:07+02:00,2026-04-02T03:41:07+02:00,,Deposit,CAD,249.97,,,CAD,,,Income,2026-03-27T21:40:00+01:00,"POLCU Job (Veronica)",,"Revenue account","Polish Credit Union (Veronica)",,"Asset account",,,,,,,,,,,,,,,,,,,,,,,,,,96f8acefb729d19a9cbfad56db8582c87f405bc724fa8df0f261885a0c8e7da2,,,,
3,689,689,2026-04-22T04:41:35+02:00,2026-04-22T04:41:35+02:00,,Withdrawal,CAD,-30.01,,,CAD,,,"Gas at Shell",2026-03-26T22:41:00+01:00,"Collabria Credit Card (Veronica)",,"Asset account","Gas & Car Expenses",,"Expense account",,,"Gas & Car Maintenance",,,,,,,,,,,,,,,,,,,,,,,f0117f298cfb41d47204f9263250ede7d20afa14b7a99380607486148a818f13,,,,
3,688,688,2026-04-22T04:41:16+02:00,2026-04-22T04:50:46+02:00,,Withdrawal,CAD,-10.00,,,CAD,,,"YORK U (Parking - Daily)",2026-03-26T22:39:00+01:00,"Collabria Credit Card (Veronica)",,"Asset account","Gas & Car Expenses",,"Expense account",,,,,,,,,,,,,,,,,,,,,,,,,,4ad39051d76acb624e03b86c4ed24f8a19ca490f45c977d1247236ddc35af6ec,,,,
3,687,687,2026-04-22T04:39:45+02:00,2026-04-22T04:39:45+02:00,,Withdrawal,CAD,-9.29,,,CAD,,,Metro,2026-03-25T22:38:00+01:00,"Collabria Credit Card (Veronica)",,"Asset account",Groceries,,"Expense account",,,,,,,,,,,,,,,,,,,,,,,,,,0ed20ab08463ae7fb733c8e78f8c8fde1bcab6073d0656856fcdc3031ab58655,,,,
3,527,527,2026-04-02T03:40:46+02:00,2026-04-02T03:40:46+02:00,,Deposit,CAD,60.00,,,CAD,,,"Repayment from Eloise",2026-03-25T21:40:00+01:00,Eloise,,"Revenue account","Polish Credit Union (Veronica)",,"Asset account",,,,,,"Dinner ingredients from costco",,,,,,,,,,,,,,,,,,,,c05157ec8011c18abed6391d8ad7329d518714e02843d3dde590ad2e7b0260e1,,,,
3,717,717,2026-04-22T04:58:20+02:00,2026-04-22T04:58:20+02:00,,Withdrawal,CAD,-60.55,,,CAD,,,"Groceries at Costco",2026-03-24T22:57:00+01:00,"CIBC Costco Credit Card (Veronica)",,"Asset account",Groceries,,"Expense account",,,,,,,,,,,,,,,,,,,,,,,,,,198c1580cc13eb77914a195ce7c8b300eeca791d83d51d6fba4913810b83e875,,,,
3,686,686,2026-04-22T04:38:33+02:00,2026-04-22T04:38:33+02:00,,Withdrawal,CAD,-8.48,,,CAD,,,"Costco Cafeteria",2026-03-24T22:38:00+01:00,"Collabria Credit Card (Veronica)",,"Asset account",Takeout,,"Expense account",,,,,,,,,,,,,,,,,,,,,,,,,,b65ce70161c11b22c0c12a3fa95e7a79f7016db59b5234e1560e1b48b7b1ec0c,,,,
3,685,685,2026-04-22T04:38:11+02:00,2026-04-22T04:50:55+02:00,,Withdrawal,CAD,-20.00,,,CAD,,,"YORK U (Parking - Daily)",2026-03-24T22:37:00+01:00,"Collabria Credit Card (Veronica)",,"Asset account","Gas & Car Expenses",,"Expense account",,,,,,?,,,,,,,,,,,,,,,,,,,,3b25be19d2c51f4182ca4202aceb5fe83886f29c4a6c0b0c41769f404b6225aa,,,,
3,526,526,2026-04-02T03:40:18+02:00,2026-04-02T03:40:18+02:00,,Deposit,CAD,6.00,,,CAD,,,"Glendon Student (Pretty) repaying for printing",2026-03-24T21:39:00+01:00,Misc.,,"Revenue account","Polish Credit Union (Veronica)",,"Asset account",,,,,,"Random student I helped in the breezeway paid me back for the money I had to put on my student card to print stuff",,,,,,,,,,,,,,,,,,,,4d73248bacd18f86d9a7edf773a24d63755223c757bcfba8e4123d0ee029281f,,,,
3,684,684,2026-04-22T04:37:33+02:00,2026-04-22T04:37:33+02:00,,Withdrawal,CAD,-7.35,,,CAD,,,"Parking (Honk)",2026-03-23T22:36:00+01:00,"Collabria Credit Card (Veronica)",,"Asset account","Gas & Car Expenses",,"Expense account",,,"Parking Fees",,,,,,,,,,,,,,,,,,,,,,,dc0fae25372211069e5e305bfae663de2bfe693b29115c4a8051503fcdc5af52,,,,
3,525,525,2026-04-02T03:39:17+02:00,2026-04-02T03:39:17+02:00,,Deposit,CAD,30.91,,,CAD,,,"Ontario Trillium Benefit (OTB)",2026-03-20T21:39:00+01:00,Government,,"Revenue account","Polish Credit Union (Veronica)",,"Asset account",,,,,,,,,,,,,,,,,,,,,,,,,,635a9d74a8f2c176be80a1cf59981fbd183ea1fb988811e67b4b87ee36c27ba9,,,,
3,524,524,2026-04-02T03:38:57+02:00,2026-04-02T03:38:57+02:00,,Withdrawal,CAD,-21.73,,,CAD,,,"Repayment to Daniel",2026-03-19T21:38:00+01:00,"Polish Credit Union (Veronica)",,"Asset account",Daniel,,"Expense account",,,,,,??,,,,,,,,,,,,,,,,,,,,3e36044b73f4a1e63d30bcd40a147807dadef1af141697a02e1d27d59e9d315f,,,,
3,523,523,2026-04-02T03:38:20+02:00,2026-04-02T03:38:20+02:00,,Withdrawal,CAD,-3.00,,,CAD,,,"Repaying Yanni",2026-03-19T21:34:00+01:00,"Polish Credit Union (Veronica)",,"Asset account",Yanni,,"Expense account",,,,,,"for timmies during studying",,,,,,,,,,,,,,,,,,,,fc82aecca7d7d10fd2465b4f0b63e17c7cec0f5f0b391a70802cc29bdc215ca3,,,,
3,683,683,2026-04-22T04:36:49+02:00,2026-04-22T04:36:49+02:00,,Withdrawal,CAD,-1874.92,,,CAD,,,"SaS Scandinavian Airlines (Poland tickets)",2026-03-18T22:36:00+01:00,"Collabria Credit Card (Veronica)",,"Asset account","Travel Spending",,"Expense account",,,,,,,,,,,,,,,,,,,,,,,,,,2864e8b0d465801cf1d7011f93f910745bb02044001ea1cdc902998ee9f0e442,,,,
3,682,682,2026-04-22T04:36:16+02:00,2026-04-22T04:36:16+02:00,,Withdrawal,CAD,-278.64,,,CAD,,,"21st Century Travel Insurance (cancellation ins for airplane ticket)",2026-03-18T22:35:00+01:00,"Collabria Credit Card (Veronica)",,"Asset account","Travel Spending",,"Expense account",,,,,,,,,,,,,,,,,,,,,,,,,,503bbce5ffdab72b205adc35b860d3f582cf49777635b4b64cd986429e887b48,,,,
3,681,681,2026-04-22T04:35:18+02:00,2026-04-22T04:35:18+02:00,,Withdrawal,CAD,-8.04,,,CAD,,,Freshco,2026-03-15T22:35:00+01:00,"Collabria Credit Card (Veronica)",,"Asset account",Groceries,,"Expense account",,,,,,,,,,,,,,,,,,,,,,,,,,3abba486b9d7046b45f3d903775d490dae1f9f5b50a001c9fb9f3c11179ec59b,,,,
3,522,522,2026-04-02T03:34:44+02:00,2026-04-02T03:34:44+02:00,,Withdrawal,CAD,-31.00,,,CAD,,,"Trs for Tata to Daniel (avoiding etrs fees)",2026-03-15T21:24:00+01:00,"Polish Credit Union (Veronica)",,"Asset account",Daniel,,"Expense account",,,,,,"Dan's portion of Tata's etrs repayment",,,,,,,,,,,,,,,,,,,,c7558cd9260864b799cf9df0b5850b5c09c63e13a8f0ae4f1bc88ab0309e02b4,,,,
3,521,521,2026-04-02T03:24:11+02:00,2026-04-02T03:24:11+02:00,,Deposit,CAD,135.00,,,CAD,,,"Repayment from Tata",2026-03-15T21:23:00+01:00,"Tata (Dad)",,"Revenue account","Polish Credit Union (Veronica)",,"Asset account",,,,,,?,,,,,,,,,,,,,,,,,,,,e103cf905e3d9cc95dc217355f662c8709a20b0fb263db904bc958c38e0fd707,,,,
3,680,680,2026-04-22T04:34:58+02:00,2026-04-22T04:34:58+02:00,,Withdrawal,CAD,-15.00,,,CAD,,,"YORK U (card top-up, helping others print stuff, reimbursed in etrs)",2026-03-14T22:34:00+01:00,"Collabria Credit Card (Veronica)",,"Asset account","Misc. Fees (ex. Foreign currency)",,"Expense account",,,,,,,,,,,,,,,,,,,,,,,,,,328508f5d42d2f2b75602fd9d7f7bfedadd611daebb3c653588d4cd9597b47d4,,,,
3,679,679,2026-04-22T04:34:19+02:00,2026-04-22T04:34:19+02:00,,Withdrawal,CAD,-14.14,,,CAD,,,"RCSS (Canadian superstore? ice cream for Eloise's bday!)",2026-03-13T22:33:00+01:00,"Collabria Credit Card (Veronica)",,"Asset account","Recreational Spending",,"Expense account",,,,,,,,,,,,,,,,,,,,,,,,,,1152fb7557be972e76b9cf7818b1d35e2f363626c6a94d2acd0a69510abcbc59,,,,
3,678,678,2026-04-22T04:33:27+02:00,2026-04-22T04:33:27+02:00,,Withdrawal,CAD,-16.15,,,CAD,,,"LCBO (sangria for Eloise's bday!)",2026-03-13T22:33:00+01:00,"Collabria Credit Card (Veronica)",,"Asset account","Recreational Spending",,"Expense account",,,,,,,,,,,,,,,,,,,,,,,,,,f51f410aad779c8b3edaab2604a35f9129dd9b0b004ce8d62055f5d6db426b73,,,,
3,677,677,2026-04-22T04:32:57+02:00,2026-04-22T04:32:57+02:00,,Withdrawal,CAD,-10.92,,,CAD,,,Freshco,2026-03-13T22:32:00+01:00,"Collabria Credit Card (Veronica)",,"Asset account",Groceries,,"Expense account",,,,,,,,,,,,,,,,,,,,,,,,,,36ba8ebf5c0d1a1f465ce6dd42c6935f827855c296e16478dfd07f15c1860802,,,,
3,676,676,2026-04-22T04:32:38+02:00,2026-04-22T04:32:38+02:00,,Withdrawal,CAD,-13.43,,,CAD,,,Freshco,2026-03-13T22:32:00+01:00,"Collabria Credit Card (Veronica)",,"Asset account",Groceries,,"Expense account",,,,,,,,,,,,,,,,,,,,,,,,,,5a277b47decdbb5c5bac3b836c082f5cb622bb5a3e2ded05c82220121673d2dd,,,,
3,675,675,2026-04-22T04:32:13+02:00,2026-04-22T04:32:13+02:00,,Withdrawal,CAD,-14.45,,,CAD,,,Osmows,2026-03-13T22:31:00+01:00,"Collabria Credit Card (Veronica)",,"Asset account",Takeout,,"Expense account",,,,,,,,,,,,,,,,,,,,,,,,,,70b64c015783a11e9f68eaca89d49dfff9a6ac7a85148fc05584a562ece329a0,,,,
3,674,674,2026-04-22T04:31:54+02:00,2026-04-22T04:31:54+02:00,,Withdrawal,CAD,-13.98,,,CAD,,,Starsky,2026-03-13T22:31:00+01:00,"Collabria Credit Card (Veronica)",,"Asset account",Groceries,,"Expense account",,,,,,,,,,,,,,,,,,,,,,,,,,c6a8609fdbd0c14a9c408477340a00fdf0a8b12ab05feaafae6604ba03629d1a,,,,
3,673,673,2026-04-22T04:31:30+02:00,2026-04-22T04:31:30+02:00,,Withdrawal,CAD,-49.81,,,CAD,,,Starsky,2026-03-13T22:31:00+01:00,"Collabria Credit Card (Veronica)",,"Asset account",Groceries,,"Expense account",,,,,,,,,,,,,,,,,,,,,,,,,,e4979c6ceccb325333e634b40736eb656ff43db543721b9bb7b4983316cb2bc4,,,,
3,520,520,2026-04-02T03:23:41+02:00,2026-04-02T03:23:41+02:00,,Deposit,CAD,232.73,,,CAD,,,Income,2026-03-13T21:23:00+01:00,"POLCU Job (Veronica)",,"Revenue account","Polish Credit Union (Veronica)",,"Asset account",,,,,,,,,,,,,,,,,,,,,,,,,,b06920edf355eae346450a85bfa0c58c4e9faa16c77965b6643b5acf361ff174,,,,
3,672,672,2026-04-22T04:31:12+02:00,2026-04-22T04:31:12+02:00,,Withdrawal,CAD,-22.07,,,CAD,,,Fortinos,2026-03-12T22:30:00+01:00,"Collabria Credit Card (Veronica)",,"Asset account","Recreational Spending",,"Expense account",,,,,,?,,,,,,,,,,,,,,,,,,,,dfb78369efa7576f6c06a834fe77d62876f9868ca444c6f4d04949efef3e3a6f,,,,
3,671,671,2026-04-22T04:30:25+02:00,2026-04-22T04:30:25+02:00,,Withdrawal,CAD,-10.35,,,CAD,,,"Parking (Honk)",2026-03-12T22:30:00+01:00,"Collabria Credit Card (Veronica)",,"Asset account","Gas & Car Expenses",,"Expense account",,,"Parking Fees",,,,,,,,,,,,,,,,,,,,,,,040585d5b73289558affab5d166c15f94cf01726d4e820617e2016aa46c47fb3,,,,
3,519,519,2026-04-02T03:23:09+02:00,2026-04-02T03:23:09+02:00,,Withdrawal,CAD,-300.00,,,CAD,,,"Paying Tata for car ins",2026-03-12T21:22:00+01:00,"Polish Credit Union (Veronica)",,"Asset account",Tata,,"Expense account",,,,,,"my share of car ins from jan-mar",,,,,,,,,,,,,,,,,,,,b2e9fc8753ff2a4bc2fd89ac20365ad87a44e99b9adb0888096a834117d594bd,,,,
3,518,518,2026-04-02T03:22:26+02:00,2026-04-02T03:22:26+02:00,,Deposit,CAD,250.00,,,CAD,,,"Repayment from Mama (car ins)",2026-03-12T21:21:00+01:00,Mamusia,,"Revenue account","Polish Credit Union (Veronica)",,"Asset account",,,,,,"partial; see collabria 415 CAA charge from March 2026",,,,,,,,,,,,,,,,,,,,1ba1cb1eace8f04eef3ea70ba66298bc47b007a431a249aec0fc93a1e3078727,,,,
3,670,670,2026-04-22T04:29:58+02:00,2026-04-22T04:29:58+02:00,,Withdrawal,CAD,-10.35,,,CAD,,,"Parking (Honk)",2026-03-11T22:29:00+01:00,"Collabria Credit Card (Veronica)",,"Asset account","Gas & Car Expenses",,"Expense account",,,"Parking Fees",,,,,,,,,,,,,,,,,,,,,,,03f395a23791e337d31cec17e76a85ebe583481700f3179d65a11d6d20cad8bc,,,,
3,669,669,2026-04-22T04:29:37+02:00,2026-04-22T04:29:37+02:00,,Withdrawal,CAD,-21.22,,,CAD,,,"Osmows (w Arin after concert)",2026-03-09T22:29:00+01:00,"Collabria Credit Card (Veronica)",,"Asset account",Takeout,,"Expense account",,,,,,,,,,,,,,,,,,,,,,,,,,b4c35d48fdd9a45c86803b9adc6bb452bfae393be61f10e7e2c5377502b94154,,,,
3,668,668,2026-04-22T04:28:43+02:00,2026-04-22T04:29:06+02:00,,Withdrawal,CAD,-14.67,,,CAD,,,"Grillies (w Arin after concert)",2026-03-09T22:28:00+01:00,"Collabria Credit Card (Veronica)",,"Asset account",Takeout,,"Expense account",,,,,,,,,,,,,,,,,,,,,,,,,,f0456d40636598f1d8b4f00182c2bee1299bb2f43de19d607b1706beac9c1077,,,,
3,667,667,2026-04-22T04:28:19+02:00,2026-04-22T04:28:19+02:00,,Withdrawal,CAD,-415.02,,,CAD,,,"CAA (on behalf of Mama, see desc)",2026-03-09T22:27:00+01:00,"Collabria Credit Card (Veronica)",,"Asset account",Mama,,"Expense account",,,,,,"she paid back part but not full, see polcu statement",,,,,,,,,,,,,,,,,,,,6653dabec18d94da8f0dd53a86799f0234ff293dae5e748cad953365d79c83fa,,,,
3,666,666,2026-04-22T04:27:26+02:00,2026-04-22T04:27:26+02:00,,Withdrawal,CAD,-4.63,,,CAD,,,"Presto Fare",2026-03-05T22:27:00+01:00,"Collabria Credit Card (Veronica)",,"Asset account","Misc. Transport Expenses",,"Expense account",,,,,,,,,,,,,,,,,,,,,,,,,,4f0b6e1871fce866ddc8cb96dca274e45893d6dbaafd69c551c0400e0ceeb28d,,,,
3,665,665,2026-04-22T04:27:04+02:00,2026-04-22T04:27:04+02:00,,Withdrawal,CAD,-41.54,,,CAD,,,Metro,2026-03-04T22:26:00+01:00,"Collabria Credit Card (Veronica)",,"Asset account",Groceries,,"Expense account",,,,,,,,,,,,,,,,,,,,,,,,,,4a826c28312ba1d0e74b439f7b9d147e7a1ad401273d3920e789b958da978573,,,,
3,664,664,2026-04-22T04:26:39+02:00,2026-04-22T04:26:39+02:00,,Withdrawal,CAD,-3.30,,,CAD,,,"Presto Fare",2026-03-04T22:26:00+01:00,"Collabria Credit Card (Veronica)",,"Asset account","Misc. Transport Expenses",,"Expense account",,,,,,,,,,,,,,,,,,,,,,,,,,3312d2d837b9f9095dc63684816fbb0edaf29ac711ef46751327080bf3991e5b,,,,
3,517,517,2026-04-02T03:20:58+02:00,2026-04-02T03:20:58+02:00,,Withdrawal,CAD,-2.00,,,CAD,,,"Glendon Cooking Club bake sale",2026-03-04T21:20:00+01:00,"Polish Credit Union (Veronica)",,"Asset account",Takeout,,"Expense account",,,,,,,,,,,,,,,,,,,,,,,,,,d409c995146f5b303ecfae04529ccdc1940954dab4f17809243f72f856772f85,,,,
3,663,663,2026-04-22T04:26:17+02:00,2026-04-22T04:26:17+02:00,,Withdrawal,CAD,-34.98,,,CAD,,,"Value Village",2026-03-03T22:26:00+01:00,"Collabria Credit Card (Veronica)",,"Asset account","Recreational Spending",,"Expense account",,,,,,,,,,,,,,,,,,,,,,,,,,8c14052082e8328b2377b6cc0ab286f6c97e4de7e82dc96afe94f7db25373636,,,,
3,662,662,2026-04-22T04:25:55+02:00,2026-04-22T04:25:55+02:00,,Withdrawal,CAD,-10.35,,,CAD,,,"Parking (Honk)",2026-03-03T22:25:00+01:00,"Collabria Credit Card (Veronica)",,"Asset account","Gas & Car Expenses",,"Expense account",,,"Parking Fees",,,,,,,,,,,,,,,,,,,,,,,57fd35f22b95594b443702f899414bc2067af4e4948abe0e35dfddc1d25d885c,,,,
3,661,661,2026-04-22T04:25:36+02:00,2026-04-22T04:25:36+02:00,,Withdrawal,CAD,-30.51,,,CAD,,,"Fizz (Phone Bill)",2026-03-01T22:25:00+01:00,"Collabria Credit Card (Veronica)",,"Asset account","Household Expenses",,"Expense account",,,,"Phone Bill (Veronica)",,,,,,,,,,,,,,,,,,,,,,edf19d467d1a06548cbd809ad7d207cfec9a783dab7757873eead8aca000c49b,,,,
3,516,516,2026-04-02T03:20:28+02:00,2026-04-02T03:20:28+02:00,,Deposit,CAD,170.00,,,CAD,,,"Repayment from Tata",2026-03-01T21:19:00+01:00,"Tata (Dad)",,"Revenue account","Polish Credit Union (Veronica)",,"Asset account",,,,,,,,,,,,,,,,,,,,,,,,,,bdb566f01d0676d25fa5857cfeb04fd492e68dc7b45d9b006c91de8337e27b48,,,,
3,515,515,2026-04-02T03:19:38+02:00,2026-04-02T03:19:38+02:00,,Withdrawal,CAD,-15.25,,,CAD,,,"Laundry Card Top-up",2026-03-01T21:19:00+01:00,"Polish Credit Union (Veronica)",,"Asset account","Household Expenses",,"Expense account",,,,,,,,,,,,,,,,,,,,,,,,,,16f3f1bcbdd20c6a462ceaa7ba633fcd316954dc3edba4ca833796ff73a63715,,,,
3,660,660,2026-04-22T04:25:07+02:00,2026-04-22T04:25:07+02:00,,Withdrawal,CAD,-47.07,,,CAD,,,"Gas at Esso",2026-02-28T22:24:00+01:00,"Collabria Credit Card (Veronica)",,"Asset account","Gas & Car Expenses",,"Expense account",,,"Gas & Car Maintenance",,,,,,,,,,,,,,,,,,,,,,,8b9d8804fc0717dd9a88497c314c6ed4a1d6e7ff367da167d9856eb8347b9959,,,,
3,659,659,2026-04-22T04:24:36+02:00,2026-04-22T04:24:36+02:00,,Withdrawal,CAD,-40.68,,,CAD,,,"Fizz (Phone Bill)",2026-02-28T22:24:00+01:00,"Collabria Credit Card (Veronica)",,"Asset account","Household Expenses",,"Expense account",,,,"Phone Bill (Veronica)",,,,,,,,,,,,,,,,,,,,,,6d441690d66b42b984fd4a9b55a1e52a4867208a0f77de54674dba38da3b3297,,,,
3,514,514,2026-04-02T03:19:01+02:00,2026-04-02T03:19:01+02:00,,Deposit,CAD,0.21,,,CAD,,,"Savings Acct Interest from POLCU",2026-02-28T21:18:00+01:00,Interest,,"Revenue account","Polish Credit Union (Veronica)",,"Asset account",,,,,,,,,,,,,,,,,,,,,,,,,,d1955be3e17e2251a62213b53b8418148f99f382896bd8347c3426ff33d10f66,,,,
3,513,513,2026-02-28T19:27:37+01:00,2026-02-28T19:27:58+01:00,,Transfer,CAD,0.45,,,CAD,,,"Bill Payment (CIBC CC)",2026-02-28T13:27:00+01:00,"Polish Credit Union (Veronica)",,"Asset account","CIBC Costco Credit Card (Veronica)",,"Asset account",,Expenses,,,,,,,,,,,,,,,,,,,,,,,,4bfd77efeb1024cf5f7824ff45a2a05c5dd619475f3cc39d448471701d96c111,,,,
3,511,511,2026-02-28T19:18:01+01:00,2026-02-28T19:27:52+01:00,,Transfer,CAD,1707.44,,,CAD,,,"Bill Payment (Collabria CC)",2026-02-28T13:17:00+01:00,"Polish Credit Union (Veronica)",,"Asset account","Collabria Credit Card (Veronica)",,"Asset account",,Expenses,,,,,,,,,,,,,,,,,,,,,,,,e7164ff36bb76724d020e7f64e262c2ded9652a19561053bc6c6dffd943166b2,,,,
3,512,512,2026-02-28T19:21:18+01:00,2026-02-28T19:21:18+01:00,,Deposit,CAD,0.04,,,CAD,,,"Savings Acct Interest from TD",2026-02-27T13:20:00+01:00,Interest,,"Revenue account","TD Bank (Veronica)",,"Asset account",,,,,,,,,,,,,,,,,,,,,,,,,,27750c1a2bccd233b374c8239d4b18189d23e27e0dd087086977b612b3ca83a1,,,,
3,510,510,2026-02-28T17:53:13+01:00,2026-02-28T17:53:13+01:00,,Deposit,CAD,15.00,,,CAD,,,"Repayment from Yanni",2026-02-27T11:52:00+01:00,Yanni,,"Revenue account","Polish Credit Union (Veronica)",,"Asset account",,,,,,"For Bampot hangout",,,,,,,,,,,,,,,,,,,,78cf089156a499e8e2296cedb8b5869548af69177f5b5b9eafdba6e0c8c4d0f4,,,,
3,509,509,2026-02-28T17:52:43+01:00,2026-02-28T17:52:43+01:00,,Deposit,CAD,30.91,,,CAD,,,"Ontario Trillium Benefit (OTB)",2026-02-27T11:52:00+01:00,Government,,"Revenue account","Polish Credit Union (Veronica)",,"Asset account",,,,,,,,,,,,,,,,,,,,,,,,,,626555d6ad81ec4fbbe88c4faad1049f8489ee7144ec57bc987eefef51e68cf6,,,,
3,508,508,2026-02-28T17:52:08+01:00,2026-02-28T17:52:08+01:00,,Deposit,CAD,264.63,,,CAD,,,Income,2026-02-27T11:51:00+01:00,"POLCU Job (Veronica)",,"Revenue account","Polish Credit Union (Veronica)",,"Asset account",,Income,,,,,,,,,,,,,,,,,,,,,,,,43b6376a2aa2ec55744c7d1da752c01036c4ca62148e218c80447a33982578ae,,,,
3,658,658,2026-04-22T04:24:14+02:00,2026-04-22T04:24:14+02:00,,Withdrawal,CAD,-3.15,,,CAD,,,"IKEA (hotdogs w group)",2026-02-25T22:23:00+01:00,"Collabria Credit Card (Veronica)",,"Asset account",Takeout,,"Expense account",,,,,,,,,,,,,,,,,,,,,,,,,,b16953be04834cf829baf2e75bd411ad71faafd55d9dc86fd214e6963ee7e68f,,,,
3,657,657,2026-04-22T04:23:00+02:00,2026-04-22T04:23:00+02:00,,Withdrawal,CAD,-2.24,,,CAD,,,"IKEA (lil candles)",2026-02-25T22:22:00+01:00,"Collabria Credit Card (Veronica)",,"Asset account","Recreational Spending",,"Expense account",,,,,,,,,,,,,,,,,,,,,,,,,,4273c17c2be23d551d067f95dce65b23da22835feb369ea68d5c1935a34954ba,,,,
3,507,507,2026-02-28T17:51:44+01:00,2026-02-28T17:51:44+01:00,,Deposit,CAD,10.00,,,CAD,,,"Repayment from Marta",2026-02-23T11:50:00+01:00,Marta,,"Revenue account","Polish Credit Union (Veronica)",,"Asset account",,,,,,"For Shawarma when we were in Toronto",,,,,,,,,,,,,,,,,,,,b4c05c14e909f61b48865aeb9027265d3305881f1b6314892ae5f3534e1f14c7,,,,
3,656,656,2026-04-22T04:22:36+02:00,2026-04-22T04:22:36+02:00,,Withdrawal,CAD,-50.01,,,CAD,,,"Gas at Shell",2026-02-22T22:22:00+01:00,"Collabria Credit Card (Veronica)",,"Asset account","Gas & Car Expenses",,"Expense account",,,"Gas & Car Maintenance",,,,,,,,,,,,,,,,,,,,,,,5a2e28eebc740c2cc1a4622a57fad6456cf07a04cfda800963ac5000a2674c7f,,,,
3,655,655,2026-04-22T04:22:17+02:00,2026-04-22T04:22:17+02:00,,Withdrawal,CAD,-230.91,,,CAD,,,"Sake Sushi (Marta's bday!)",2026-02-22T22:21:00+01:00,"Collabria Credit Card (Veronica)",,"Asset account","Recreational Spending",,"Expense account",,,,,,,,,,,,,,,,,,,,,,,,,,713b630577102357d4e36c42bb52918ae85cee177cd082f30ddb1a9be1044a90,,,,
3,654,654,2026-04-22T04:21:49+02:00,2026-04-22T04:21:49+02:00,,Withdrawal,CAD,-63.68,,,CAD,,,"Dicey Business (Marta's bday)",2026-02-22T22:21:00+01:00,"Collabria Credit Card (Veronica)",,"Asset account","Recreational Spending",,"Expense account",,,,,,,,,,,,,,,,,,,,,,,,,,091591916f66629da5af36374077ff530dd7654ef763e3dc33ab45bf4a042586,,,,
3,653,653,2026-04-22T04:21:10+02:00,2026-04-22T04:21:10+02:00,,Withdrawal,CAD,-33.91,,,CAD,,,"Jaswoj (cake for Marta's bday)",2026-02-22T22:20:00+01:00,"Collabria Credit Card (Veronica)",,"Asset account","Recreational Spending",,"Expense account",,,,,,,,,,,,,,,,,,,,,,,,,,a263cc8b529c7c94198b94982cb51bd033745ae23314a803771d67ee59a45bd4,,,,
3,652,652,2026-04-22T04:20:41+02:00,2026-04-22T04:20:41+02:00,,Withdrawal,CAD,-14.11,,,CAD,,,"Value Village",2026-02-21T22:20:00+01:00,"Collabria Credit Card (Veronica)",,"Asset account","Recreational Spending",,"Expense account",,,,,,,,,,,,,,,,,,,,,,,,,,44948c4ca4359f6ab9995e781bf4277df7d04a01654d61e0a1d1963c1004b759,,,,
3,651,651,2026-04-22T04:20:14+02:00,2026-04-22T04:20:14+02:00,,Withdrawal,CAD,-25.25,,,CAD,,,"Coinamatic (laundry card)",2026-02-19T22:19:00+01:00,"Collabria Credit Card (Veronica)",,"Asset account","Household Expenses",,"Expense account",,,,,,,,,,,,,,,,,,,,,,,,,,1061cc364884179d79feab0d5a1bf7d4ad1047d85057c7a3c4ae9cd9a322f7ad,,,,
3,506,506,2026-02-28T17:50:48+01:00,2026-02-28T17:50:48+01:00,,Withdrawal,CAD,-91.50,,,CAD,,,"Repayment to Daniel (Mandarin w Rico & I)",2026-02-19T11:50:00+01:00,"Polish Credit Union (Veronica)",,"Asset account",Daniel,,"Expense account",,,,,,,,,,,,,,,,,,,,,,,,,,a107b68960acfec2ff956de7cd8a33c653e8a9710382a74fd0ac90eafa508ec4,,,,
3,650,650,2026-04-22T04:19:52+02:00,2026-04-22T04:19:52+02:00,,Withdrawal,CAD,-57.62,,,CAD,,,"Groceries at Freshco",2026-02-18T22:19:00+01:00,"Collabria Credit Card (Veronica)",,"Asset account",Groceries,,"Expense account",,,,,,,,,,,,,,,,,,,,,,,,,,4084764c0c8a41a9e4a585df67b9f1243ab4dcb87a8b8351c9400e0da8488351,,,,
3,649,649,2026-04-22T04:19:30+02:00,2026-04-22T04:19:30+02:00,,Deposit,CAD,85.98,,,CAD,,,"Flixbus (reimbursed ticket for cancelled bus)",2026-02-17T22:18:00+01:00,Reimbursement,,"Revenue account","Collabria Credit Card (Veronica)",,"Asset account",,,,,,,,,,,,,,,,,,,,,,,,,,f098a7eb79bb8966472734e23d0b1a7caf38209e282c1de51207ee9b5de74d77,,,,
3,505,505,2026-02-28T17:50:15+01:00,2026-02-28T17:50:15+01:00,,Withdrawal,CAD,-40.00,,,CAD,,,"Trs for Tata to Daniel (avoiding etrs fees)",2026-02-17T11:49:00+01:00,"Polish Credit Union (Veronica)",,"Asset account",Daniel,,"Expense account",,,,,,,,,,,,,,,,,,,,,,,,,,27a5c265d01a6d884faba128484556712120ba4fe0b2a22c80c441a1ba4501ee,,,,
3,504,504,2026-02-28T17:49:48+01:00,2026-02-28T17:49:48+01:00,,Deposit,CAD,100.00,,,CAD,,,"Repayment from Tata (takeout)",2026-02-17T11:49:00+01:00,"Tata (Dad)",,"Revenue account","Polish Credit Union (Veronica)",,"Asset account",,,,,,,,,,,,,,,,,,,,,,,,,,783fb8c4f8ff9e7299c5ec88006ea72a5604241853527205f7a0cd3b51406e60,,,,
3,648,648,2026-04-22T04:18:33+02:00,2026-04-22T04:18:33+02:00,,Withdrawal,CAD,-9.03,,,CAD,,,"Fresh Value (Korean supermarket opposite Walmart)",2026-02-16T22:17:00+01:00,"Collabria Credit Card (Veronica)",,"Asset account",Groceries,,"Expense account",,,,,,,,,,,,,,,,,,,,,,,,,,ccd2062b49f248137c6ed29c39b06a0e4b5a42de3f3ba38d43685bcd9f656c5f,,,,
3,647,647,2026-04-22T04:17:48+02:00,2026-04-22T04:17:48+02:00,,Withdrawal,CAD,-77.69,,,CAD,,,"Zets (for the family)",2026-02-15T22:17:00+01:00,"Collabria Credit Card (Veronica)",,"Asset account",Takeout,,"Expense account",,,,,,,,,,,,,,,,,,,,,,,,,,86b7215d2c567e7ca018647f6ec49d4b44708e020801858ff88836e3998b2156,,,,
3,646,646,2026-04-22T04:17:24+02:00,2026-04-22T04:17:24+02:00,,Withdrawal,CAD,-85.98,,,CAD,,,"Flixbus (cancelled bus, new ticket, reimbursed later)",2026-02-15T22:16:00+01:00,"Collabria Credit Card (Veronica)",,"Asset account","Misc. Transport Expenses",,"Expense account",,,,,,,,,,,,,,,,,,,,,,,,,,9bebdefb8131a27787b2b80526996f67177a19e20de749c035de30a7921147c7,,,,
3,645,645,2026-04-22T04:16:11+02:00,2026-04-22T04:16:11+02:00,,Withdrawal,CAD,-30.01,,,CAD,,,"Gas at Shell",2026-02-14T22:15:00+01:00,"Collabria Credit Card (Veronica)",,"Asset account","Gas & Car Expenses",,"Expense account",,,"Gas & Car Maintenance",,,,,,,,,,,,,,,,,,,,,,,c0b9f2c2b1e0343f8ad84abad463cdcf269a007228c747a3f8273fd80bf89935,,,,
3,644,644,2026-04-22T04:15:49+02:00,2026-04-22T04:15:49+02:00,,Withdrawal,CAD,-26.19,,,CAD,,,Walmart,2026-02-14T22:15:00+01:00,"Collabria Credit Card (Veronica)",,"Asset account",Groceries,,"Expense account",,,,,,,,,,,,,,,,,,,,,,,,,,1be26a7c8278736379cc548916f93d641e5df681a1822adf2e05f4f288d29426,,,,
3,643,643,2026-04-22T04:15:28+02:00,2026-04-22T04:15:28+02:00,,Withdrawal,CAD,-10.25,,,CAD,,,"Coinamatic (laundry card)",2026-02-14T22:15:00+01:00,"Collabria Credit Card (Veronica)",,"Asset account","Household Expenses",,"Expense account",,,,,,,,,,,,,,,,,,,,,,,,,,174eda3e2f9e252a268877a9dff6d85b72fc53829a1a4c07be6ed9327ed81d33,,,,
3,642,642,2026-04-22T04:15:07+02:00,2026-04-22T04:15:07+02:00,,Withdrawal,CAD,-19.78,,,CAD,,,Ghazale,2026-02-13T22:14:00+01:00,"Collabria Credit Card (Veronica)",,"Asset account",Takeout,,"Expense account",,,,,,,,,,,,,,,,,,,,,,,,,,1bb5557733d94336c8dbfbfde73db04e8c573dcebafaf1a4e1ce131036764272,,,,
3,641,641,2026-04-22T04:14:35+02:00,2026-04-22T04:14:35+02:00,,Withdrawal,CAD,-6.70,,,CAD,,,"Presto top-up (Kipling GO)",2026-02-13T22:14:00+01:00,"Collabria Credit Card (Veronica)",,"Asset account","Misc. Transport Expenses",,"Expense account",,,,,,,,,,,,,,,,,,,,,,,,,,dc76552733370e18f45cf8f6f4bbad66e88ad63dd152e221924ba0671725e4e7,,,,
3,640,640,2026-04-22T04:14:07+02:00,2026-04-22T04:14:07+02:00,,Withdrawal,CAD,-10.15,,,CAD,,,"Wisla Groceries",2026-02-13T22:13:00+01:00,"Collabria Credit Card (Veronica)",,"Asset account",Groceries,,"Expense account",,,,,,,,,,,,,,,,,,,,,,,,,,4eddfc6800ae41afb44f5694a219be5736bf1ef786b012a8fafc3f79c69ad3d1,,,,
3,639,639,2026-04-22T04:13:42+02:00,2026-04-22T04:13:42+02:00,,Withdrawal,CAD,-29.24,,,CAD,,,Bampot,2026-02-13T22:13:00+01:00,"Collabria Credit Card (Veronica)",,"Asset account","Recreational Spending",,"Expense account",,,,,,"w Yanni?",,,,,,,,,,,,,,,,,,,,ab634d8c2939746b4fc5fe7b5e775a04e491d9112fe3f78db30391dd00aa7c17,,,,
3,503,503,2026-02-28T17:49:25+01:00,2026-02-28T17:52:23+01:00,,Deposit,CAD,105.07,,,CAD,,,Income,2026-02-13T11:49:00+01:00,"POLCU Job (Veronica)",,"Revenue account","Polish Credit Union (Veronica)",,"Asset account",,Income,,,,,,,,,,,,,,,,,,,,,,,,fdff56f5c97956da341ca039f19e35d1d38c705e967cfc4a791e601fbacac491,,,,
3,638,638,2026-04-22T04:13:08+02:00,2026-04-22T04:13:08+02:00,,Withdrawal,CAD,-25.01,,,CAD,,,"Gas at Shell",2026-02-11T22:12:00+01:00,"Collabria Credit Card (Veronica)",,"Asset account","Gas & Car Expenses",,"Expense account",,,"Gas & Car Maintenance",,,,,,,,,,,,,,,,,,,,,,,0dfc4149aee1f9c4637f3a239f4368ce61a3ce5dc72917c3853ffb23ba5378d3,,,,
3,637,637,2026-04-22T04:12:39+02:00,2026-04-22T04:12:39+02:00,,Withdrawal,CAD,-9.22,,,CAD,,,"Foreign Transaction Fee (Back Market Phone gift)",2026-02-11T22:12:00+01:00,"Collabria Credit Card (Veronica)",,"Asset account","Misc. Fees (ex. Foreign currency)",,"Expense account",,,,,,,,,,,,,,,,,,,,,,,,,,e12496410a47bd10dd00979ac0c634b130dbfedf4a602a66c07569cbbc8b5036,,,,
3,636,636,2026-04-22T04:12:07+02:00,2026-04-22T04:12:07+02:00,,Withdrawal,CAD,-368.89,,,CAD,,,"Back Market (Phone for Rico's bday!)",2026-02-11T22:11:00+01:00,"Collabria Credit Card (Veronica)",,"Asset account","Recreational Spending",,"Expense account",,,,,,,,,,,,,,,,,,,,,,,,,,797046e0ba41d6a23b7de60af68b3e5e18279505c2d98b4b1dc403e8e95ec160,,,,
3,502,502,2026-02-28T17:48:41+01:00,2026-02-28T17:48:41+01:00,,Deposit,CAD,1000.00,,,CAD,,,"POLCU Scholarship!",2026-02-11T11:48:00+01:00,"Scholarship / Award",,"Revenue account","Polish Credit Union (Veronica)",,"Asset account",,,,,,,,,,,,,,,,,,,,,,,,,,ed0295cf7f0ef07d3a263cade8993f08d303952826ea89744d50af986fb465c3,,,,
3,635,635,2026-04-22T04:11:18+02:00,2026-04-22T04:11:18+02:00,,Withdrawal,CAD,-10.00,,,CAD,,,"Presto top-up (Guelph GO)",2026-02-10T22:11:00+01:00,"Collabria Credit Card (Veronica)",,"Asset account","Misc. Transport Expenses",,"Expense account",,,,,,,,,,,,,,,,,,,,,,,,,,ea820ba3140663a0c26e83a9a7fa62fed99daa16c6ca29bc14a3901c7fb9e310,,,,
3,634,634,2026-04-22T04:10:58+02:00,2026-04-22T04:10:58+02:00,,Withdrawal,CAD,-10.00,,,CAD,,,"Presto top-up (Guelph GO)",2026-02-10T22:10:00+01:00,"Collabria Credit Card (Veronica)",,"Asset account","Misc. Transport Expenses",,"Expense account",,,,,,,,,,,,,,,,,,,,,,,,,,bba57e6678b58fcc27b13ef3b30ba943b2dc28778f70ec5ff8ac75bd4d6f0a7b,,,,
3,633,633,2026-04-22T04:10:38+02:00,2026-04-22T04:10:38+02:00,,Withdrawal,CAD,-20.00,,,CAD,,,"Presto top-up (Guelph GO)",2026-02-10T22:09:00+01:00,"Collabria Credit Card (Veronica)",,"Asset account","Misc. Transport Expenses",,"Expense account",,,,,,"iron lung movie in guelph w daniel and leonardo (dan's friend)",,,,,,,,,,,,,,,,,,,,6d0eddf301f1e882e5914cf71d96b2c24e9069c54c67888fee7c4b2b7a7cdbcb,,,,
3,632,632,2026-04-22T04:09:22+02:00,2026-04-22T04:09:22+02:00,,Withdrawal,CAD,-10.85,,,CAD,,,"Parking (Honk)",2026-02-10T22:09:00+01:00,"Collabria Credit Card (Veronica)",,"Asset account","Gas & Car Expenses",,"Expense account",,,"Parking Fees",,,,,,,,,,,,,,,,,,,,,,,b9a3dccb437c49b9153003c8c4fb175f44c96e5c2d0b0bed6a6e52b29728a844,,,,
3,631,631,2026-04-22T04:09:03+02:00,2026-04-22T04:09:03+02:00,,Withdrawal,CAD,-20.04,,,CAD,,,"Gas at Shell",2026-02-08T22:08:00+01:00,"Collabria Credit Card (Veronica)",,"Asset account","Gas & Car Expenses",,"Expense account",,,"Gas & Car Maintenance",,,,,,,,,,,,,,,,,,,,,,,cabdb14aebbd3553702737f9524c97d6a15eb613eedeb88fe8ccf8882fbc536c,,,,
3,630,630,2026-04-22T04:08:46+02:00,2026-04-22T04:08:46+02:00,,Withdrawal,CAD,-10.03,,,CAD,,,"Gas at Husky",2026-02-08T22:08:00+01:00,"Collabria Credit Card (Veronica)",,"Asset account","Gas & Car Expenses",,"Expense account",,,"Gas & Car Maintenance",,,,,,,,,,,,,,,,,,,,,,,ab2cd90de8b9b3db6c19d0b7e12962a8ff31a139183e84e825fe2a4a450d6384,,,,
3,629,629,2026-04-22T04:08:23+02:00,2026-04-22T04:08:23+02:00,,Withdrawal,CAD,-145.94,,,CAD,,,"Flixbus Tickets (Rico coming over on reading week)",2026-02-07T22:07:00+01:00,"Collabria Credit Card (Veronica)",,"Asset account","Travel Spending",,"Expense account",,,,,,,,,,,,,,,,,,,,,,,,,,1ffc8737699cc6da32b1a6732dfad292067c48d2fefb334a909255426b37f344,,,,
3,628,628,2026-04-22T04:07:37+02:00,2026-04-22T04:07:37+02:00,,Withdrawal,CAD,-25.13,,,CAD,,,"Gas at Shell",2026-02-06T22:07:00+01:00,"Collabria Credit Card (Veronica)",,"Asset account","Gas & Car Expenses",,"Expense account",,,"Gas & Car Maintenance",,,,,,,,,,,,,,,,,,,,,,,b396c3f295182d7f36365ef538ecf13461ca62f1ca3228f80318ae2590386b5e,,,,
3,627,627,2026-04-22T04:07:14+02:00,2026-04-22T04:07:14+02:00,,Withdrawal,CAD,-21.96,,,CAD,,,Jaswoj,2026-02-06T22:06:00+01:00,"Collabria Credit Card (Veronica)",,"Asset account",Takeout,,"Expense account",,,,,,,,,,,,,,,,,,,,,,,,,,b4e67a693cce49e99367ff72d8259fbe1f38042754a0cb8a3949c40797f676e3,,,,
3,626,626,2026-04-22T04:06:52+02:00,2026-04-22T04:06:52+02:00,,Withdrawal,CAD,-20.34,,,CAD,,,"Wisla Groceries",2026-02-06T22:06:00+01:00,"Collabria Credit Card (Veronica)",,"Asset account",Groceries,,"Expense account",,,,,,,,,,,,,,,,,,,,,,,,,,c2e0bb526593bd3785c3953ab9d57bd5e8132c6fbcc787ca4bfeedf1a0ee52c0,,,,
3,501,501,2026-02-28T17:48:04+01:00,2026-02-28T17:48:53+01:00,,Withdrawal,CAD,-5.00,,,CAD,,,"eTrs to Kijiji person (My Dress-Up Darling)",2026-02-06T11:47:00+01:00,"Polish Credit Union (Veronica)",,"Asset account","Recreational Spending",,"Expense account",,,,,,"Daniel's purchase",,,,,,,,,,,,,,,,,,,,7364e20d3c7756f3928159a8b1b4947bd9466c83ca0c7c90eb70049811ff75ce,,,,
3,500,500,2026-02-28T17:47:03+01:00,2026-02-28T17:47:03+01:00,,Withdrawal,CAD,-60.03,,,CAD,,,"Groceries at Oceans",2026-02-06T11:46:00+01:00,"Polish Credit Union (Veronica)",,"Asset account",Groceries,,"Expense account",,,,,,,,,,,,,,,,,,,,,,,,,,89e5b9ed87c03fa28bac26adeeeffe56cff5ac3915b8a546b7a40ec4285b1b10,,,,
3,625,625,2026-04-22T04:06:33+02:00,2026-04-22T04:06:33+02:00,,Withdrawal,CAD,-10.35,,,CAD,,,"Parking (Honk)",2026-02-05T22:06:00+01:00,"Collabria Credit Card (Veronica)",,"Asset account","Gas & Car Expenses",,"Expense account",,,"Parking Fees",,,,,,,,,,,,,,,,,,,,,,,b48cf3b7ed10bb34ce81c4f9b6c3523102c21a3af795855e612196a20ef08732,,,,
3,624,624,2026-04-22T04:06:14+02:00,2026-04-22T04:06:14+02:00,,Withdrawal,CAD,-25.02,,,CAD,,,"Gas at Shell",2026-02-04T22:05:00+01:00,"Collabria Credit Card (Veronica)",,"Asset account","Gas & Car Expenses",,"Expense account",,,"Gas & Car Maintenance",,,,,,,,,,,,,,,,,,,,,,,0e1d532c2c1ab2adbeafd6928d9e997293bc48a61e86895d0beb664adb2c7786,,,,
3,623,623,2026-04-22T04:05:52+02:00,2026-04-22T04:05:52+02:00,,Withdrawal,CAD,-3.15,,,CAD,,,"IKEA (hotdogs w Eloise)",2026-02-04T22:05:00+01:00,"Collabria Credit Card (Veronica)",,"Asset account",Takeout,,"Expense account",,,,,,,,,,,,,,,,,,,,,,,,,,871f129f85a0b1d1b1582f67fc0a6e5118fa887f986d537dd0214d7ff02e0168,,,,
3,622,622,2026-04-22T04:05:27+02:00,2026-04-22T04:05:27+02:00,,Withdrawal,CAD,-9.99,,,CAD,,,"IKEA (cake for Jacob)",2026-02-04T22:04:00+01:00,"Collabria Credit Card (Veronica)",,"Asset account",Takeout,,"Expense account",,,,,,,,,,,,,,,,,,,,,,,,,,240af390a73da79650fdf819c670ce57b3423539a43599c55551a1ee3310d69f,,,,
3,621,621,2026-04-22T04:04:52+02:00,2026-04-22T04:04:52+02:00,,Withdrawal,CAD,-10.35,,,CAD,,,"Parking (Honk)",2026-02-04T22:04:00+01:00,"Collabria Credit Card (Veronica)",,"Asset account","Gas & Car Expenses",,"Expense account",,,"Parking Fees",,,,,,,,,,,,,,,,,,,,,,,4d25951b06079587626197d9fb6be6d6fdd104044db6385a6955aafff824dda0,,,,
3,620,620,2026-04-22T04:04:31+02:00,2026-04-22T04:04:31+02:00,,Withdrawal,CAD,-0.61,,,CAD,,,"Foreign Transaction Fee (Doordash)",2026-02-04T22:04:00+01:00,"Collabria Credit Card (Veronica)",,"Asset account","Misc. Fees (ex. Foreign currency)",,"Expense account",,,,,,,,,,,,,,,,,,,,,,,,,,00427024c26f1bbedba6b5fbbf8d2fc314fcd662ea69791bac017016fc99ebf4,,,,
3,619,619,2026-04-22T04:04:02+02:00,2026-04-22T04:04:02+02:00,,Withdrawal,CAD,-24.42,,,CAD,,,"Doordash for Rico",2026-02-04T22:03:00+01:00,"Collabria Credit Card (Veronica)",,"Asset account",Takeout,,"Expense account",,,,,,,,,,,,,,,,,,,,,,,,,,e76f6725870949a00eeda865bb57e6e3a6d53c3f620a34413375a148510970fc,,,,
3,618,618,2026-04-22T04:03:22+02:00,2026-04-22T04:03:22+02:00,,Withdrawal,CAD,-10.35,,,CAD,,,"Parking (Honk)",2026-02-03T15:02:00+01:00,"Collabria Credit Card (Veronica)",,"Asset account","Gas & Car Expenses",,"Expense account",,,"Parking Fees",,,,,,,,,,,,,,,,,,,,,,,e42662ad542633ff1e8dcd9c83af42804956e11400c4329cef24335b2d498f1c,,,,
3,499,499,2026-02-03T02:43:00+01:00,2026-02-03T02:43:00+01:00,,Deposit,USD,582.46,,,CAD,,,"Removable Bank Account Stand-in",2026-02-02T20:41:00+01:00,"Cash account",,"Cash account","Omni CCU Checking (Rico)",,"Asset account",,,,,,,,,,,,,,,,,,,,,,,,,,adde678c6b54c8c63721f26f19d70d55e20404d7d345bef0e51927ace3be5e94,,ff3-v6.4.14,,
3,617,617,2026-04-22T04:02:49+02:00,2026-04-22T04:02:49+02:00,,Withdrawal,CAD,-20.25,,,CAD,,,"Coinamatic (laundry card)",2026-02-01T13:02:00+01:00,"Collabria Credit Card (Veronica)",,"Asset account","Household Expenses",,"Expense account",,,,,,,,,,,,,,,,,,,,,,,,,,b0c607c854ef27a9a98b953288cd1572285478de59dc01fd2fe7892644c83e44,,,,
3,616,616,2026-04-22T04:02:23+02:00,2026-04-22T04:02:23+02:00,,Withdrawal,CAD,-40.68,,,CAD,,,"Fizz (Phone Bill)",2026-01-31T22:02:00+01:00,"Collabria Credit Card (Veronica)",,"Asset account","Household Expenses",,"Expense account",,,,"Phone Bill (Veronica)",,,,,,,,,,,,,,,,,,,,,,fa7ffd6cb985ee62939f47eed73ea84a1fbcaedf70fc36bc7e0ec0c1f1c1cef2,,,,
3,492,492,2026-02-03T01:11:02+01:00,2026-02-03T01:11:02+01:00,,Deposit,CAD,0.22,,,CAD,,,"Savings Acct Interest from POLCU",2026-01-31T19:10:00+01:00,Interest,,"Revenue account","Polish Credit Union (Veronica)",,"Asset account",,,,,,,,,,,,,,,,,,,,,,,,,,38b86f691beee62040bdf91f2f57773473c40d4ec726007236391f5402ac9408,,ff3-v6.4.14,,
3,615,615,2026-04-22T04:02:04+02:00,2026-04-22T04:02:04+02:00,,Withdrawal,CAD,-10.14,,,CAD,,,"T&T (hot table takeout)",2026-01-30T22:01:00+01:00,"Collabria Credit Card (Veronica)",,"Asset account",Takeout,,"Expense account",,,,,,,,,,,,,,,,,,,,,,,,,,3c4c311ccfa7ae29e82b04683101f8dac4b8ec67b8de6f23c13a95079c94ed31,,,,
3,614,614,2026-04-22T04:01:39+02:00,2026-04-22T04:01:39+02:00,,Withdrawal,CAD,-2.10,,,CAD,,,"IKEA (hotdogs)",2026-01-30T22:01:00+01:00,"Collabria Credit Card (Veronica)",,"Asset account",Takeout,,"Expense account",,,,,,,,,,,,,,,,,,,,,,,,,,b90662c39a2c99aca7e003e066886803a72157bde6050927d70c4bf3b8f3949b,,,,
3,497,497,2026-02-03T01:19:54+01:00,2026-02-03T01:19:54+01:00,,Deposit,CAD,0.05,,,CAD,,,"Savings Acct Interest from TD",2026-01-30T19:19:00+01:00,Interest,,"Revenue account","TD Bank (Veronica)",,"Asset account",,,,,,,,,,,,,,,,,,,,,,,,,,e3bea9b3eb2a13e18554e9fcc5adaebad34d4ff2e7c784e81660b8e45b579573,,ff3-v6.4.14,,
3,491,491,2026-02-03T01:10:43+01:00,2026-02-03T01:10:43+01:00,,Deposit,CAD,246.41,,,CAD,,,Income,2026-01-30T19:10:00+01:00,"POLCU Job (Veronica)",,"Revenue account","Polish Credit Union (Veronica)",,"Asset account",,,,,,,,,,,,,,,,,,,,,,,,,,53bb33801a6aafcca495106a0177df5257f9b08ec8187297ce4fdd4cb8f7fa9a,,ff3-v6.4.14,,
3,613,613,2026-04-22T04:01:11+02:00,2026-04-22T04:01:11+02:00,,Withdrawal,CAD,-25.05,,,CAD,,,"Gas at Esso",2026-01-29T22:00:00+01:00,"Collabria Credit Card (Veronica)",,"Asset account","Gas & Car Expenses",,"Expense account",,,"Gas & Car Maintenance",,,,,,,,,,,,,,,,,,,,,,,ab4ebb446605e50b2afaf09395af26ccc63652a2de67fa535c34f33dee3e8f51,,,,
3,612,612,2026-04-22T04:00:51+02:00,2026-04-22T04:00:51+02:00,,Withdrawal,CAD,-16.95,,,CAD,,,"Sooter's Photography (photos for JET)",2026-01-29T22:00:00+01:00,"Collabria Credit Card (Veronica)",,"Asset account","Household Expenses",,"Expense account",,,,,,,,,,,,,,,,,,,,,,,,,,618721c4d7c9b6551f83d9ddd832f8594be8bd229785df5ca37275418b814f2e,,,,
3,611,611,2026-04-22T04:00:07+02:00,2026-04-22T04:00:07+02:00,,Withdrawal,CAD,-2.10,,,CAD,,,"Parking (Honk)",2026-01-29T21:59:00+01:00,"Collabria Credit Card (Veronica)",,"Asset account","Gas & Car Expenses",,"Expense account",,,"Parking Fees",,,,,,,,,,,,,,,,,,,,,,,83c1f719cf9d17cebb70134986d230c8dba2326f129c9105998aa52c6e692403,,,,
3,610,610,2026-04-22T03:59:48+02:00,2026-04-22T03:59:48+02:00,,Withdrawal,CAD,-10.85,,,CAD,,,"Parking (Honk)",2026-01-29T21:59:00+01:00,"Collabria Credit Card (Veronica)",,"Asset account","Gas & Car Expenses",,"Expense account",,,"Parking Fees",,,,,,,,,,,,,,,,,,,,,,,ca32bbbf087d5941eaa5b138e48ea6c8e14160f78e0ecae4bb1829b1b679c54d,,,,
3,490,490,2026-02-03T01:10:25+01:00,2026-02-03T01:10:25+01:00,,Withdrawal,CAD,-6.78,,,CAD,,,"Your Dollar Store (plushies for JET interview)",2026-01-29T19:09:00+01:00,"Polish Credit Union (Veronica)",,"Asset account","Recreational Spending",,"Expense account",,,,,,,,,,,,,,,,,,,,,,,,,,84b5e942322bcc9f00842b3da0a299c49ca7202eeed869d95747d3c9db2cf197,,ff3-v6.4.14,,
3,609,609,2026-04-22T03:59:29+02:00,2026-04-22T03:59:29+02:00,,Withdrawal,CAD,-15.35,,,CAD,,,"Parking (Honk)",2026-01-28T21:59:00+01:00,"Collabria Credit Card (Veronica)",,"Asset account","Gas & Car Expenses",,"Expense account",,,"Parking Fees",,,,,,,,,,,,,,,,,,,,,,,2b1eb07dca51e0fa467f64869afcc44127e57e07a3bae66492b83b8aa85495ad,,,,
3,489,489,2026-02-03T01:09:52+01:00,2026-02-03T01:09:52+01:00,,Transfer,CAD,967.36,,,CAD,,,"Bill Payment (Collabria CC)",2026-01-28T19:09:00+01:00,"Polish Credit Union (Veronica)",,"Asset account","Collabria Credit Card (Veronica)",,"Asset account",,,,,,,,,,,,,,,,,,,,,,,,,,8d3f2cfb807089761f70786b3c5ebe3f42102dd6db8ffbcf2ecd155ab1f7eecf,,ff3-v6.4.14,,
3,608,608,2026-04-22T03:58:44+02:00,2026-04-22T03:58:44+02:00,,Withdrawal,CAD,-10.35,,,CAD,,,"Parking (Honk)",2026-01-27T21:58:00+01:00,"Collabria Credit Card (Veronica)",,"Asset account","Gas & Car Expenses",,"Expense account",,,"Parking Fees",,,,,,,,,,,,,,,,,,,,,,,348fa4d1d2c9cab18317d9a206a6bf4ead6d68f99a3c54fb948544e053a1f419,,,,
3,607,607,2026-04-22T03:58:23+02:00,2026-04-22T03:58:23+02:00,,Withdrawal,CAD,-87.74,,,CAD,,,"Zets (for the family)",2026-01-26T21:57:00+01:00,"Collabria Credit Card (Veronica)",,"Asset account",Takeout,,"Expense account",,,,,,,,,,,,,,,,,,,,,,,,,,08452a3b5c7bf2de5a84c53d5657fa7630d0799b24020b0c7cd4c9a364f6dfb0,,,,
3,606,606,2026-04-22T03:57:54+02:00,2026-04-22T03:57:54+02:00,,Withdrawal,CAD,-15.98,,,CAD,,,"Wisla Groceries",2026-01-23T21:57:00+01:00,"Collabria Credit Card (Veronica)",,"Asset account",Groceries,,"Expense account",,,,,,,,,,,,,,,,,,,,,,,,,,af89561d2fb6f54f2d94ad1e2d011e662f8109c708aaa44c595446863c06a9dd,,,,
3,488,488,2026-02-03T01:09:35+01:00,2026-02-03T01:09:35+01:00,,Deposit,CAD,30.91,,,CAD,,,"Ontario Trillium Benefit (OTB)",2026-01-23T19:09:00+01:00,Government,,"Revenue account","Polish Credit Union (Veronica)",,"Asset account",,,,,,,,,,,,,,,,,,,,,,,,,,40c39b5f81b1985f6102ab24bbfac289e8d947ed936bf867041f5e8ca75ebbda,,ff3-v6.4.14,,
3,605,605,2026-04-22T03:57:18+02:00,2026-04-22T03:57:18+02:00,,Withdrawal,CAD,-25.00,,,CAD,,,"Gas at Shell",2026-01-22T21:56:00+01:00,"Collabria Credit Card (Veronica)",,"Asset account","Gas & Car Expenses",,"Expense account",,,"Gas & Car Maintenance",,,,,,,,,,,,,,,,,,,,,,,51ce031c2704b2901ca90d45bc5bcf2eeaec63fc689a5caea27713bbf2eeacfb,,,,
3,604,604,2026-04-22T03:56:45+02:00,2026-04-22T03:56:45+02:00,,Withdrawal,CAD,-10.35,,,CAD,,,"Parking (Honk)",2026-01-22T21:56:00+01:00,"Collabria Credit Card (Veronica)",,"Asset account","Gas & Car Expenses",,"Expense account",,,"Parking Fees",,,,,,,,,,,,,,,,,,,,,,,f7d0c508c01444504239b06eb0c7d9bf87a37aa9fc4817e50bbaa1b48c4b5568,,,,
3,603,603,2026-04-22T03:56:18+02:00,2026-04-22T03:56:18+02:00,,Withdrawal,CAD,-19.20,,,CAD,,,Metro,2026-01-21T21:55:00+01:00,"Collabria Credit Card (Veronica)",,"Asset account",Groceries,,"Expense account",,,,,,,,,,,,,,,,,,,,,,,,,,93a5507b895d484f7e896a47cf375c3e74c81e12ae4b810b63d5005e3656fe2a,,,,
3,602,602,2026-04-22T03:55:44+02:00,2026-04-22T03:55:44+02:00,,Withdrawal,CAD,-25.00,,,CAD,,,"Gas at Shell",2026-01-21T21:55:00+01:00,"Collabria Credit Card (Veronica)",,"Asset account","Gas & Car Expenses",,"Expense account",,,"Gas & Car Maintenance",,,,,,,,,,,,,,,,,,,,,,,1ead6eee54e97d376b4e26239b30197c417a8af263cb0409b131699bbf02b2c7,,,,
3,601,601,2026-04-22T03:55:27+02:00,2026-04-22T03:55:27+02:00,,Withdrawal,CAD,-9.10,,,CAD,,,"Parking (Honk)",2026-01-21T21:55:00+01:00,"Collabria Credit Card (Veronica)",,"Asset account","Gas & Car Expenses",,"Expense account",,,"Parking Fees",,,,,,,,,,,,,,,,,,,,,,,89095ae42bad57993d62ba3ffc2c28eb0901608e70384817098616372e66085b,,,,
3,487,487,2026-02-03T01:09:19+01:00,2026-02-03T01:09:19+01:00,,Deposit,CAD,300.00,,,CAD,,,"Repayment from Tata (Dentist + groceries)",2026-01-21T19:08:00+01:00,"Tata (Dad)",,"Revenue account","Polish Credit Union (Veronica)",,"Asset account",,,,,,,,,,,,,,,,,,,,,,,,,,ca4796e393386313489329c610ab1bbbb5a2d988a3abc3412ad05685165e73d6,,ff3-v6.4.14,,
3,718,718,2026-04-22T04:59:10+02:00,2026-04-22T05:03:43+02:00,,Withdrawal,CAD,-0.45,,,CAD,,,"Purchase Interest",2026-01-20T22:58:00+01:00,"CIBC Costco Credit Card (Veronica)",,"Asset account","Late Fees",,"Expense account",,,,,,,,,,,,,,,,,,,,,,,,,,10c3ef99d79103b946819cbdd4f8c37dbcad8ccb624f07afb14e7974ee666103,,,,
3,600,600,2026-04-22T03:55:07+02:00,2026-04-22T03:55:07+02:00,,Withdrawal,CAD,-9.61,,,CAD,,,Dollarama,2026-01-20T21:54:00+01:00,"Collabria Credit Card (Veronica)",,"Asset account","Recreational Spending",,"Expense account",,,,,,,,,,,,,,,,,,,,,,,,,,af1bf9e3df605a5316ab2f9d376f92f5f0f1e8b3e0254545d41fc66a46c789e6,,,,
3,599,599,2026-04-22T03:54:45+02:00,2026-04-22T03:54:45+02:00,,Withdrawal,CAD,-10.35,,,CAD,,,"Parking (Honk)",2026-01-20T21:54:00+01:00,"Collabria Credit Card (Veronica)",,"Asset account","Gas & Car Expenses",,"Expense account",,,"Parking Fees",,,,,,,,,,,,,,,,,,,,,,,d06f6624a3af9d1d699df64189fc0dd7641cd3718e597dadf768bf308d3351ad,,,,
3,598,598,2026-04-22T03:54:27+02:00,2026-04-22T03:54:27+02:00,,Withdrawal,CAD,-25.99,,,CAD,,,Bampot,2026-01-20T21:53:00+01:00,"Collabria Credit Card (Veronica)",,"Asset account","Recreational Spending",,"Expense account",,,,,,,,,,,,,,,,,,,,,,,,,,45df133aa7ab05e6b1dfc94ba9962cf87fbe349959632a75c25f096184dfc42d,,,,
3,597,597,2026-04-22T03:53:47+02:00,2026-04-22T03:53:47+02:00,,Withdrawal,CAD,-22.54,,,CAD,,,Grillies,2026-01-19T21:53:00+01:00,"Collabria Credit Card (Veronica)",,"Asset account",Takeout,,"Expense account",,,,,,,,,,,,,,,,,,,,,,,,,,ee10c8898a5e70790e684a71badad57461678bb5e4c81b6b3c8e403442c8bf10,,,,
3,596,596,2026-04-22T03:53:19+02:00,2026-04-22T03:53:19+02:00,,Withdrawal,CAD,-253.00,,,CAD,,,"Kingsway Dental",2026-01-19T21:52:00+01:00,"Collabria Credit Card (Veronica)",,"Asset account","Medical Expenses",,"Expense account",,,,,,,,,,,,,,,,,,,,,,,,,,88585175bb45435d856509399f16a16e9312d57144a4cda6f4737e4ab97352b3,,,,
3,595,595,2026-04-22T03:52:52+02:00,2026-04-22T03:52:52+02:00,,Withdrawal,CAD,-16.93,,,CAD,,,"Popeyes w Daniel (treat)",2026-01-18T21:52:00+01:00,"Collabria Credit Card (Veronica)",,"Asset account",Takeout,,"Expense account",,,,,,,,,,,,,,,,,,,,,,,,,,a7ba3bdcb46b36efafd884c9c94ad5cd46cbf011e2d276c6c068ac45dfd98f71,,,,
3,594,594,2026-04-22T03:52:14+02:00,2026-04-22T03:52:14+02:00,,Withdrawal,CAD,-40.25,,,CAD,,,"Coinamatic (laundry card)",2026-01-18T21:52:00+01:00,"Collabria Credit Card (Veronica)",,"Asset account","Household Expenses",,"Expense account",,,,,,,,,,,,,,,,,,,,,,,,,,5982d9074abd595f98d741efd52921fd312d8f0f078a959b931f336c4142af9e,,,,
3,593,593,2026-04-22T03:51:56+02:00,2026-04-22T03:51:56+02:00,,Withdrawal,CAD,-25.25,,,CAD,,,"Coinamatic (laundry card)",2026-01-17T21:51:00+01:00,"Collabria Credit Card (Veronica)",,"Asset account","Household Expenses",,"Expense account",,,,,,,,,,,,,,,,,,,,,,,,,,0347a74aa9761e6763d25864bf5847e2fb9c486ae18e74663eaf24ab54936d52,,,,
3,592,592,2026-04-22T03:51:17+02:00,2026-04-22T03:51:17+02:00,,Withdrawal,CAD,-3.25,,,CAD,,,Jaswoj,2026-01-16T21:50:00+01:00,"Collabria Credit Card (Veronica)",,"Asset account",Takeout,,"Expense account",,,,,,,,,,,,,,,,,,,,,,,,,,71733d44a59442ecf6f7f5cb89206428b8b2babb7d6ca5a43b2b35040ded5c18,,,,
3,591,591,2026-04-22T03:50:53+02:00,2026-04-22T03:50:53+02:00,,Withdrawal,CAD,-13.70,,,CAD,,,"Wisla Groceries",2026-01-16T21:50:00+01:00,"Collabria Credit Card (Veronica)",,"Asset account",Groceries,,"Expense account",,,,,,,,,,,,,,,,,,,,,,,,,,83a84eef6ab0f5d3445142fbe0ebbf34366c56d453b40f860fdc1e75ec2d5754,,,,
3,486,486,2026-02-03T01:08:53+01:00,2026-02-03T01:08:53+01:00,,Deposit,CAD,101.89,,,CAD,,,"GST/HST Credit (GOV)",2026-01-16T19:08:00+01:00,Government,,"Revenue account","Polish Credit Union (Veronica)",,"Asset account",,,,,,"(I think?)",,,,,,,,,,,,,,,,,,,,e9eaa8df3e5f54e0e69683f6ffbad2e77aef4d0c01d51215a6183a485303bee8,,ff3-v6.4.14,,
3,485,485,2026-02-03T01:08:23+01:00,2026-02-03T01:08:23+01:00,,Deposit,CAD,157.36,,,CAD,,,Income,2026-01-16T19:08:00+01:00,"POLCU Job (Veronica)",,"Revenue account","Polish Credit Union (Veronica)",,"Asset account",,,,,,,,,,,,,,,,,,,,,,,,,,8d9fafc7255f8b55e08d51390db027e86e551184ef642dca511bded7eda59cf0,,ff3-v6.4.14,,
3,590,590,2026-04-22T03:50:25+02:00,2026-04-22T03:50:25+02:00,,Withdrawal,CAD,-21.18,,,CAD,,,"Restaumatic (Pizza in Poland for Oli, takeout)",2026-01-15T21:49:00+01:00,"Collabria Credit Card (Veronica)",,"Asset account","Recreational Spending",,"Expense account",,,,,,,,,,,,,,,,,,,,,,,,,,4bc4141d62da0ab94c81a3d6d150624d78827ace63afd4acbaf2419d08fb2960,,,,
3,589,589,2026-04-22T03:49:53+02:00,2026-04-22T03:49:53+02:00,,Withdrawal,CAD,-0.52,,,CAD,,,"Foreign Transaction Fee (Takeout for Oli)",2026-01-15T21:49:00+01:00,"Collabria Credit Card (Veronica)",,"Asset account","Recreational Spending",,"Expense account",,,,,,,,,,,,,,,,,,,,,,,,,,5329ea32685017374883f1f071762dbe9a0ff7ab67b98831823e28ce577be219,,,,
3,588,588,2026-04-22T03:49:07+02:00,2026-04-22T03:49:07+02:00,,Withdrawal,CAD,-30.01,,,CAD,,,"Gas at Shell",2026-01-14T21:48:00+01:00,"Collabria Credit Card (Veronica)",,"Asset account","Gas & Car Expenses",,"Expense account",,,"Gas & Car Maintenance",,,,,,,,,,,,,,,,,,,,,,,edc5001d7e0d9716b6ac720f180e98faab11f38b46cf79f1533675ecf2566088,,,,
3,587,587,2026-04-22T03:48:48+02:00,2026-04-22T03:48:48+02:00,,Withdrawal,CAD,-10.35,,,CAD,,,"Parking (Honk)",2026-01-14T21:48:00+01:00,"Collabria Credit Card (Veronica)",,"Asset account","Gas & Car Expenses",,"Expense account",,,"Parking Fees",,,,,,,,,,,,,,,,,,,,,,,25a5fb070576cb8186415554fc1e1d965cada328b39b01a21438480a06cf79f2,,,,
3,586,586,2026-04-22T03:48:28+02:00,2026-04-22T03:48:28+02:00,,Withdrawal,CAD,-9.03,,,CAD,,,"TGTG (w Arin)",2026-01-14T21:48:00+01:00,"Collabria Credit Card (Veronica)",,"Asset account","Gas & Car Expenses",,"Expense account",,,,,,,,,,,,,,,,,,,,,,,,,,944f42d0edf217e6c8ce046cabe567a3acca0b8418a4c0c1db54d57a19aeace0,,,,
3,585,585,2026-04-22T03:48:08+02:00,2026-04-22T03:48:08+02:00,,Withdrawal,CAD,-9.10,,,CAD,,,"Parking (Honk)",2026-01-13T21:47:00+01:00,"Collabria Credit Card (Veronica)",,"Asset account","Gas & Car Expenses",,"Expense account",,,"Parking Fees",,,,,,,,,,,,,,,,,,,,,,,bcc609351f6d2d7485382bc5750c0085ae221391c87e37444835be1710ae1c0f,,,,
3,584,584,2026-04-22T03:47:47+02:00,2026-04-22T03:47:47+02:00,,Withdrawal,CAD,-14.35,,,CAD,,,"Parking (Honk)",2026-01-13T21:47:00+01:00,"Collabria Credit Card (Veronica)",,"Asset account","Gas & Car Expenses",,"Expense account",,,"Parking Fees",,,,,,,,,,,,,,,,,,,,,,,32ca144af56066633bb6f9683aff7fce26069cd8cf9528e29f0022a8a69aa0ec,,,,
3,484,484,2026-02-03T01:08:03+01:00,2026-04-22T05:04:03+02:00,,Transfer,CAD,26.20,,,CAD,,,"Bill Payment (CIBC CC)",2026-01-12T23:07:00+01:00,"Polish Credit Union (Veronica)",,"Asset account","CIBC Costco Credit Card (Veronica)",,"Asset account",,,,,,,,,,,,,,,,,,,,,,,,,,522e4d7f6a47f701f6cd93bbf6ff57671e3497db7dc4cd04a404d1c0d161c5bc,,ff3-v6.4.14,,
3,719,719,2026-04-22T05:00:01+02:00,2026-04-22T05:00:01+02:00,,Withdrawal,CAD,-10.85,,,CAD,,,"Parking (Honk)",2026-01-12T22:59:00+01:00,"CIBC Costco Credit Card (Veronica)",,"Asset account","Gas & Car Expenses",,"Expense account",,,"Parking Fees",,,,,,,,,,,,,,,,,,,,,,,aeea71912b867ac9e6ae7aba791c0d398a453d1089f5088c3b31bf777ac99c95,,,,
3,583,583,2026-04-22T03:47:27+02:00,2026-04-22T03:47:27+02:00,,Withdrawal,CAD,-15.25,,,CAD,,,"Coinamatic (laundry card)",2026-01-11T21:47:00+01:00,"Collabria Credit Card (Veronica)",,"Asset account","Household Expenses",,"Expense account",,,,,,,,,,,,,,,,,,,,,,,,,,4a040f275c822ba5eab940f13368bf490673836be66891cf4c8c09d2421dc426,,,,
3,582,582,2026-04-22T03:47:08+02:00,2026-04-22T03:47:08+02:00,,Withdrawal,CAD,-11.85,,,CAD,,,"Wisla Groceries",2026-01-09T21:46:00+01:00,"Collabria Credit Card (Veronica)",,"Asset account",Groceries,,"Expense account",,,,,,,,,,,,,,,,,,,,,,,,,,e5ff515393de049d82775a1b046e0dc9131b385e0c4b455674f893025f285361,,,,
3,581,581,2026-04-22T03:46:44+02:00,2026-04-22T03:46:44+02:00,,Withdrawal,CAD,-15.35,,,CAD,,,"Parking (Honk)",2026-01-08T21:46:00+01:00,"Collabria Credit Card (Veronica)",,"Asset account","Gas & Car Expenses",,"Expense account",,,"Parking Fees",,,,,,,,,,,,,,,,,,,,,,,080509864b00889669df7310df6d11f1fca2ac68e6fb2fdece7bdd042be6bac2,,,,
3,580,580,2026-04-22T03:46:17+02:00,2026-04-22T03:46:17+02:00,,Withdrawal,CAD,-27.93,,,CAD,,,IKEA,2026-01-07T21:45:00+01:00,"Collabria Credit Card (Veronica)",,"Asset account","Recreational Spending",,"Expense account",,,,,,,,,,,,,,,,,,,,,,,,,,b0b0d35eb3e3dfcc99e87a8dd7d27f15c67f47a04584596bf5fbe89ae81b47d5,,,,
3,579,579,2026-04-22T03:45:49+02:00,2026-04-22T03:45:49+02:00,,Withdrawal,CAD,-9.10,,,CAD,,,"Parking (Honk)",2026-01-07T21:45:00+01:00,"Collabria Credit Card (Veronica)",,"Asset account","Gas & Car Expenses",,"Expense account",,,"Parking Fees",,,,,,,,,,,,,,,,,,,,,,,08ab2a9737a8fe2215e209af2753a2df727445410d0d9daa09696aefe24a5af5,,,,
3,578,578,2026-04-22T03:45:18+02:00,2026-04-22T03:45:18+02:00,,Withdrawal,CAD,-11.29,,,CAD,,,"TGTG (w Arin)",2026-01-07T21:44:00+01:00,"Collabria Credit Card (Veronica)",,"Asset account",Takeout,,"Expense account",,,,,,,,,,,,,,,,,,,,,,,,,,2d8d7e83b5ede1c9cd0a19d5ba7b6d819d9ccfde6ca59e3ffeae6e9273279610,,,,
3,577,577,2026-04-22T03:44:38+02:00,2026-04-22T03:44:38+02:00,,Withdrawal,CAD,-3.99,,,CAD,,,"TGTG (w Arin)",2026-01-07T21:44:00+01:00,"Collabria Credit Card (Veronica)",,"Asset account",Takeout,,"Expense account",,,,,,,,,,,,,,,,,,,,,,,,,,0dfe29bb726d2f5690e78a2c62afb6f5f4b12f39fff9261b89ec3c34be797911,,,,
3,483,483,2026-02-03T01:07:45+01:00,2026-02-03T01:07:45+01:00,,Withdrawal,CAD,-60.00,,,CAD,,,"Repayment to Jan (paying for dinner after Dixie put down) (?)",2026-01-07T19:07:00+01:00,"Polish Credit Union (Veronica)",,"Asset account",Jan,,"Expense account",,,,,,,,,,,,,,,,,,,,,,,,,,85a4d55eade9849fcfe01b975134e63f9d45090ebeaa0c2b16ee7f53463fb795,,ff3-v6.4.14,,
3,720,720,2026-04-22T05:00:25+02:00,2026-04-22T05:00:25+02:00,,Withdrawal,CAD,-15.35,,,CAD,,,"Parking (Honk)",2026-01-06T23:00:00+01:00,"CIBC Costco Credit Card (Veronica)",,"Asset account","Gas & Car Expenses",,"Expense account",,,"Parking Fees",,,,,,,,,,,,,,,,,,,,,,,a24b242b6570773dab296f3800dd5d30ae6ea9ee195c5a720e5a6a999ebbb855,,,,
3,576,576,2026-04-22T03:44:17+02:00,2026-04-22T03:44:17+02:00,,Withdrawal,CAD,-36.75,,,CAD,,,"Gas at Esso",2026-01-06T21:43:00+01:00,"Collabria Credit Card (Veronica)",,"Asset account","Gas & Car Expenses",,"Expense account",,,"Gas & Car Maintenance",,,,,,,,,,,,,,,,,,,,,,,93bf94e45403179b3154eb6f0146037671b3d70b296c1b1ccdf78ce621aaf79a,,,,
3,496,496,2026-02-03T01:19:30+01:00,2026-02-03T01:25:31+01:00,,Deposit,CAD,914.00,,,CAD,,,"OSAP Provincial Loan Disbursement",2026-01-05T19:19:00+01:00,"OSAP Loan",,"Revenue account","TD Bank (Veronica)",,"Asset account",,,,,,,,,,,,,,,,,,,,,,,,,,55fea51d27911e5046f093c91f92a7c9d13b217823c9b5c7481fe151416908db,,ff3-v6.4.14,,
3,495,495,2026-02-03T01:18:58+01:00,2026-02-03T01:28:22+01:00,,Deposit,CAD,145.39,,,CAD,,,"OSAP Grant? Disbursement",2026-01-05T19:18:00+01:00,"OSAP Grant",,"Revenue account","TD Bank (Veronica)",,"Asset account",,,,,,,,,,,,,,,,,,,,,,,,,,67bfcdd2190c29ada216b4fcc227a7916f2a62b65735f0ef7faebe1056ff1455,,ff3-v6.4.14,,
3,482,482,2026-02-03T01:07:07+01:00,2026-02-03T01:07:07+01:00,,Withdrawal,CAD,-50.00,,,CAD,,,"Repayment to Daniel",2026-01-05T19:06:00+01:00,"Polish Credit Union (Veronica)",,"Asset account",Daniel,,"Expense account",,,,,,???,,,,,,,,,,,,,,,,,,,,2ee889e7e7a65d648afc4021983dfeabc4726d9bb9b2ccbb6672dc1b153afa43,,ff3-v6.4.14,,
3,575,575,2026-04-22T03:43:50+02:00,2026-04-22T03:43:50+02:00,,Withdrawal,CAD,-20.25,,,CAD,,,"Coinamatic (laundry card)",2026-01-04T21:43:00+01:00,"Collabria Credit Card (Veronica)",,"Asset account","Household Expenses",,"Expense account",,,,,,,,,,,,,,,,,,,,,,,,,,6d4d75f4a3dd50d58787bfcfb9c72dc6875fd0fff6111afcd330cef13aa96cd7,,,,
3,481,481,2026-02-03T01:06:26+01:00,2026-02-03T01:06:26+01:00,,Deposit,CAD,144.00,,,CAD,,,"Repayment from Marta (Arin's gift + Board game cafe)",2026-01-03T19:05:00+01:00,Marta,,"Revenue account","Polish Credit Union (Veronica)",,"Asset account",,,,,,"Arin's animation desk + Marta's part of the board game cafe receipt",,,,,,,,,,,,,,,,,,,,30dfa59883c41246946c7643fc03de8233b6f43531c04209b2597ddfc8331971,,ff3-v6.4.14,,
3,480,480,2026-02-03T01:05:47+01:00,2026-02-03T01:05:47+01:00,,Deposit,CAD,100.00,,,CAD,,,"Christmas Gift from Daniel",2026-01-03T19:05:00+01:00,Daniel,,"Revenue account","Polish Credit Union (Veronica)",,"Asset account",,,,,,,,,,,,,,,,,,,,,,,,,,2fc9e1bac87f09403969723c6e7bbe662e3828be634cc1317cc809dda97c751f,,ff3-v6.4.14,,
3,574,574,2026-04-22T03:43:27+02:00,2026-04-22T03:43:27+02:00,,Withdrawal,CAD,-4.99,,,CAD,,,"TGTG (w Arin)",2026-01-02T21:43:00+01:00,"Collabria Credit Card (Veronica)",,"Asset account",Takeout,,"Expense account",,,,,,,,,,,,,,,,,,,,,,,,,,2b172e0cc23698069fd4309601591de18562b3da6cde6d0188a212fd318957cc,,,,
3,479,479,2026-02-03T01:05:17+01:00,2026-02-03T01:05:17+01:00,,Withdrawal,CAD,-7.94,,,CAD,,,"Dollarama (Shelf + cork)",2026-01-02T19:04:00+01:00,"Polish Credit Union (Veronica)",,"Asset account","Recreational Spending",,"Expense account",,,,,,,,,,,,,,,,,,,,,,,,,,f4fca139506be303b3b032e9e5c00aaf00a35657c9ef9cef2629dc2023da8ab8,,ff3-v6.4.14,,
3,478,478,2026-02-03T00:59:34+01:00,2026-02-03T00:59:34+01:00,,Deposit,CAD,724.40,,,CAD,,,Income,2026-01-02T18:59:00+01:00,"POLCU Job (Veronica)",,"Revenue account","Polish Credit Union (Veronica)",,"Asset account",,,,,,,,,,,,,,,,,,,,,,,,,,b3706ffe678d58ed7106807ef93654d6b06079d931ff53eec3f5e072aad5816b,,ff3-v6.4.14,,
3,477,477,2026-02-03T00:59:16+01:00,2026-02-03T00:59:16+01:00,,Deposit,CAD,515.74,,,CAD,,,Income,2026-01-02T18:58:00+01:00,"POLCU Job (Veronica)",,"Revenue account","Polish Credit Union (Veronica)",,"Asset account",,,,,,,,,,,,,,,,,,,,,,,,,,b21d70a9bb8b8881925bd732c750b70687d3c4560298f3d87a80b6b4d4bc4d02,,ff3-v6.4.14,,
3,573,573,2026-04-22T03:42:54+02:00,2026-04-22T03:42:54+02:00,,Withdrawal,CAD,-36.45,,,CAD,,,Sobeys,2025-12-31T21:42:00+01:00,"Collabria Credit Card (Veronica)",,"Asset account",Groceries,,"Expense account",,,,,,,,,,,,,,,,,,,,,,,,,,8ca02040a7822b68ad386264e06c34df0b735bd2a19ca2e41727ffe6a08c5f05,,,,
3,572,572,2026-04-22T03:42:28+02:00,2026-04-22T03:42:28+02:00,,Withdrawal,CAD,-40.68,,,CAD,,,"Fizz (Phone Bill)",2025-12-31T21:42:00+01:00,"Collabria Credit Card (Veronica)",,"Asset account","Household Expenses",,"Expense account",,,,"Phone Bill (Veronica)",,,,,,,,,,,,,,,,,,,,,,38cc7835cb895dbb43a1834778a0e185164e062bc1c44b4ec6559c50a732481f,,,,
3,494,494,2026-02-03T01:18:05+01:00,2026-02-03T01:20:35+01:00,,Deposit,CAD,0.04,,,CAD,,,"Savings Acct Interest from TD",2025-12-31T19:17:00+01:00,Interest,,"Revenue account","TD Bank (Veronica)",,"Asset account",,,,,,,,,,,,,,,,,,,,,,,,,,f7587a778c762a9c435032c25b89c4612e4627ccd5e2b7f18060bf2ef5a67fa6,,ff3-v6.4.14,,
3,475,475,2026-02-03T00:58:13+01:00,2026-02-03T01:00:17+01:00,,Deposit,CAD,0.18,,,CAD,,,"Savings Acct Interest from POLCU",2025-12-31T18:57:00+01:00,Interest,,"Revenue account","Polish Credit Union (Veronica)",,"Asset account",,,,,,,,,,,,,,,,,,,,,,,,,,2411ce5770c17ed34faa8440cf3adc1e50c60878681b2e11cc58fd08dbe4fb88,,ff3-v6.4.14,,
3,474,474,2026-02-03T00:57:57+01:00,2026-02-03T01:00:31+01:00,,Withdrawal,CAD,-41.92,,,CAD,,,"Games on Tap (Board game cafe w Arin, Marta, co.)",2025-12-30T18:57:00+01:00,"Polish Credit Union (Veronica)",,"Asset account","Recreational Spending",,"Expense account",,,,,,"Marta & Arin paid back their parts (did Arin? cant remember)",,,,,,,,,,,,,,,,,,,,11e56ab080f483ac2bd9d4f20d07bd24b0d8f829bc9772f9a35227a7d5061488,,ff3-v6.4.14,,
3,473,473,2026-02-03T00:57:18+01:00,2026-02-03T01:00:44+01:00,,Transfer,CAD,610.44,,,CAD,,,"Bill Payment (Collabria CC)",2025-12-30T18:57:00+01:00,"Polish Credit Union (Veronica)",,"Asset account","Collabria Credit Card (Veronica)",,"Asset account",,,,,,,,,,,,,,,,,,,,,,,,,,3b7462df3199a8fb75b973e62de5099351015f3f8581ed78a02b4f1c210188ff,,ff3-v6.4.14,,
3,571,571,2026-04-22T03:41:52+02:00,2026-04-22T03:41:52+02:00,,Withdrawal,CAD,-20.00,,,CAD,,,"Presto top-up (Malton GO)",2025-12-27T21:40:00+01:00,"Collabria Credit Card (Veronica)",,"Asset account","Misc. Transport Expenses",,"Expense account",,,,,,,,,,,,,,,,,,,,,,,,,,80176c620d108849cdb664c6c6c99d3e51aede2c51ba8ad12c6ab4c520777f77,,,,
3,570,570,2026-04-22T03:40:50+02:00,2026-04-22T03:40:50+02:00,,Withdrawal,CAD,-15.56,,,CAD,,,"Wisla Groceries",2025-12-27T21:40:00+01:00,"Collabria Credit Card (Veronica)",,"Asset account",Groceries,,"Expense account",,,,,,,,,,,,,,,,,,,,,,,,,,66bc31e845437b7035e3037ebe7c3a2daec5e16e8e2938fc41a571c1c8443b89,,,,
3,498,498,2026-02-03T01:50:39+01:00,2026-02-03T01:50:39+01:00,,Withdrawal,CAD,-200.00,,,CAD,,,"Withd Cash",2025-12-27T19:48:00+01:00,"Cash Savings (Veronica)",,"Asset account",Cash,,"Expense account",,,,,,"(For Arin's present + other Christmas presents iirc)",,,,,,,,,,,,,,,,,,,,029258d5c54738399e8c32ef01b776e9837945fd6e437de09ff0062ac8392ec5,,ff3-v6.4.14,,
3,472,472,2026-02-03T00:57:01+01:00,2026-02-03T01:00:58+01:00,,Transfer,CAD,213.93,,,CAD,,,"Bill Payment (CIBC CC)",2025-12-27T18:56:00+01:00,"Polish Credit Union (Veronica)",,"Asset account","CIBC Costco Credit Card (Veronica)",,"Asset account",,,,,,,,,,,,,,,,,,,,,,,,,,662690194fc0a4aa6000870fdf8a01450a11770dde69590de33ef04b78b057c5,,ff3-v6.4.14,,
3,569,569,2026-04-22T03:40:25+02:00,2026-04-22T03:40:25+02:00,,Withdrawal,CAD,-15.25,,,CAD,,,"Coinamatic (laundry card)",2025-12-26T21:40:00+01:00,"Collabria Credit Card (Veronica)",,"Asset account","Household Expenses",,"Expense account",,,,,,,,,,,,,,,,,,,,,,,,,,308eba47bf2a40cde3322d6ac1eefd45faeb522929d4ee3122201c42c5f93531,,,,
3,568,568,2026-04-22T03:39:16+02:00,2026-04-22T03:39:16+02:00,,Withdrawal,CAD,-18.99,,,CAD,,,"Bulk Barn (gift for Tata)",2025-12-24T21:38:00+01:00,"Collabria Credit Card (Veronica)",,"Asset account","Recreational Spending",,"Expense account",,,,,,,,,,,,,,,,,,,,,,,,,,13b11fd5cc17e7691679116c1c6c5264078cc0987eaf558e08b745691fd2eee2,,,,
3,471,471,2026-02-03T00:56:37+01:00,2026-02-03T01:06:43+01:00,,Withdrawal,CAD,-100.00,,,CAD,,,"Withd Cash",2025-12-24T18:56:00+01:00,"Polish Credit Union (Veronica)",,"Asset account",Cash,,"Expense account",,,,,,"For Arin's Christmas gift?",,,,,,,,,,,,,,,,,,,,67b5b730ad592bc43029349875e110a53d73720bb3d93350e114aa5b87a73be3,,ff3-v6.4.14,,
3,567,567,2026-04-22T03:38:53+02:00,2026-04-22T03:39:35+02:00,,Withdrawal,CAD,-28.87,,,CAD,,,"Value Village (gift for Tata, etc)",2025-12-23T21:38:00+01:00,"Collabria Credit Card (Veronica)",,"Asset account","Recreational Spending",,"Expense account",,,,,,,,,,,,,,,,,,,,,,,,,,00528398f84e8472e848eb49f1709a712a671128db18962c03d0e80829b1304a,,,,
3,566,566,2026-04-22T03:38:32+02:00,2026-04-22T03:38:32+02:00,,Withdrawal,CAD,-50.00,,,CAD,,,"Vie En Rose (gift for Mama)",2025-12-23T21:38:00+01:00,"Collabria Credit Card (Veronica)",,"Asset account","Recreational Spending",,"Expense account",,,,,,,,,,,,,,,,,,,,,,,,,,d9dbcfc64bae066e64b5af5bae3f9a5181fe34f00928d796e94f8085cc3f8689,,,,
3,565,565,2026-04-22T03:38:04+02:00,2026-04-22T03:38:04+02:00,,Withdrawal,CAD,-10.72,,,CAD,,,"Dollar Plus",2025-12-22T21:37:00+01:00,"Collabria Credit Card (Veronica)",,"Asset account","Recreational Spending",,"Expense account",,,,,,"cards for christmas??",,,,,,,,,,,,,,,,,,,,ffd0a74f276b008d60ce5069d465c328abf606dabfafc9b6f86ddfcaaa270815,,,,
3,721,721,2026-04-22T05:01:16+02:00,2026-04-22T05:01:16+02:00,,Withdrawal,CAD,-4.85,,,CAD,,,"Purchase Interest",2025-12-19T23:00:00+01:00,"CIBC Costco Credit Card (Veronica)",,"Asset account","Late Fees",,"Expense account",,,,,,,,,,,,,,,,,,,,,,,,,,22602950ff50bc4b48851ee610ec102d3bb86124e5acb910f8ab34eaecb0a6ef,,,,
3,564,564,2026-04-22T03:37:25+02:00,2026-04-22T03:37:25+02:00,,Withdrawal,CAD,-38.40,,,CAD,,,Loblaws,2025-12-19T21:37:00+01:00,"Collabria Credit Card (Veronica)",,"Asset account",Groceries,,"Expense account",,,,,,,,,,,,,,,,,,,,,,,,,,133f4b9960357cbee79169c4a66183c39eaf4a8e3405f23245e098507b532303,,,,
3,563,563,2026-04-22T03:37:00+02:00,2026-04-22T03:37:00+02:00,,Withdrawal,CAD,-45.20,,,CAD,,,"The Knit Cafe (yarn for Babcia's gift)",2025-12-19T20:36:00+01:00,"Collabria Credit Card (Veronica)",,"Asset account","Recreational Spending",,"Expense account",,,,,,,,,,,,,,,,,,,,,,,,,,d9152e9b285fac04d71fd280a83ca461d3e24d910effae1bd6eab3df2b7180b8,,,,
3,470,470,2026-02-03T00:56:03+01:00,2026-02-03T01:01:38+01:00,,Deposit,CAD,571.07,,,CAD,,,Income,2025-12-19T18:55:00+01:00,"POLCU Job (Veronica)",,"Revenue account","Polish Credit Union (Veronica)",,"Asset account",,Income,,,,,,,,,,,,,,,,,,,,,,,,fedb1774981c40ebca5e57dd3111690bf20aaf29ffbb386040bdf2fa36a9fd63,,ff3-v6.4.14,,
3,562,562,2026-04-22T03:36:31+02:00,2026-04-22T03:36:31+02:00,,Withdrawal,CAD,-25.25,,,CAD,,,"Coinamatic (laundry card)",2025-12-18T21:36:00+01:00,"Collabria Credit Card (Veronica)",,"Asset account","Household Expenses",,"Expense account",,,,,,,,,,,,,,,,,,,,,,,,,,018b5fec81ae10be9340659bf8bd1f0d34655aa7669b285ebc1f1ccdf16fec9d,,,,
3,469,469,2026-02-03T00:55:41+01:00,2026-02-03T01:01:54+01:00,,Deposit,CAD,50.00,,,CAD,,,"Repayment from Daniel",2025-12-18T18:55:00+01:00,Daniel,,"Revenue account","Polish Credit Union (Veronica)",,"Asset account",,,,,,,,,,,,,,,,,,,,,,,,,,658b74443466fa79c19615918df3f5c55519fc2746e081f4de4b3ff82a30ae90,,ff3-v6.4.14,,
3,561,561,2026-04-22T03:36:09+02:00,2026-04-22T03:36:09+02:00,,Withdrawal,CAD,-25.98,,,CAD,,,"Gas at Shell",2025-12-17T21:35:00+01:00,"Collabria Credit Card (Veronica)",,"Asset account","Gas & Car Expenses",,"Expense account",,,"Gas & Car Maintenance",,,,,,,,,,,,,,,,,,,,,,,d80c727b33c2c5d2c8d0e4358a9cefd811b61417c6263ba7ad59868178fed248,,,,
3,560,560,2026-04-22T03:35:44+02:00,2026-04-22T03:35:44+02:00,,Withdrawal,CAD,-23.83,,,CAD,,,Bennas,2025-12-17T21:35:00+01:00,"Collabria Credit Card (Veronica)",,"Asset account",Groceries,,"Expense account",,,,,,,,,,,,,,,,,,,,,,,,,,915baa51b4d741d309403dd51b51522fc529ecf4999a53ad2c55bc5328b1ea09,,,,
3,468,468,2026-02-03T00:55:18+01:00,2026-02-03T01:02:08+01:00,,Deposit,CAD,30.91,,,CAD,,,"Ontario Trillium Benefit (OTB)",2025-12-17T18:54:00+01:00,Government,,"Revenue account","Polish Credit Union (Veronica)",,"Asset account",,,,,,,,,,,,,,,,,,,,,,,,,,d1ceb3598dd5f3dd703768b5d94c3be63ffa1223b3dae9d2112ed393dc7f1deb,,ff3-v6.4.14,,
3,559,559,2026-04-22T03:35:16+02:00,2026-04-22T03:35:16+02:00,,Withdrawal,CAD,-28.22,,,CAD,,,"Shelbys Rexdale",2025-12-16T21:34:00+01:00,"Collabria Credit Card (Veronica)",,"Asset account",Takeout,,"Expense account",,,,,,,,,,,,,,,,,,,,,,,,,,42e245e178cbe9f09d82b9609a1c672fad089a21d7751a2eb8ab3dfac46f7f5c,,,,
3,558,558,2026-04-22T03:34:39+02:00,2026-04-22T03:34:39+02:00,,Withdrawal,CAD,-6.81,,,CAD,,,Dollarama,2025-12-15T21:34:00+01:00,"Collabria Credit Card (Veronica)",,"Asset account","Recreational Spending",,"Expense account",,,,,,,,,,,,,,,,,,,,,,,,,,ea96a4a8dc1f4d2649377abcf06e93e43e31a9ef34f79d50582e3c5324aa561c,,,,
3,241,241,2025-11-29T00:36:14+01:00,2026-04-22T05:05:12+02:00,,Withdrawal,CAD,-9.10,,,CAD,,,"Parking (Honk)",2025-12-15T18:35:00+01:00,"CIBC Costco Credit Card (Veronica)",,"Asset account","Gas & Car Expenses",,"Expense account",,,"Parking Fees",,,,,,,,,,,,,,,,,,,,,,,4da8d1a722619adb89db709105fa6603a9c6ffc0732aaa83e795f39411335251,,ff3-v6.3.2,,
3,727,727,2026-04-22T05:10:11+02:00,2026-04-22T05:10:43+02:00,,Withdrawal,CAD,-2.10,,,CAD,,,"Parking (Honk)",2025-12-15T18:09:00+01:00,"CIBC Costco Credit Card (Veronica)",,"Asset account","Gas & Car Expenses",,"Expense account",,,"Parking Fees",,,,,,,,,,,,,,,,,,,,,,,d9341f6f6a6f92fa87f321d4c370e4c61adaa6ed3d6b7d4b035dd49b7cc28f2d,,,,
3,729,729,2026-04-22T05:13:33+02:00,2026-04-22T05:13:33+02:00,,Withdrawal,CAD,-3.85,,,CAD,,,"Parking (Honk)",2025-12-09T23:13:00+01:00,"CIBC Costco Credit Card (Veronica)",,"Asset account","Gas & Car Expenses",,"Expense account",,,"Parking Fees",,,,,,,,,,,,,,,,,,,,,,,4868c0032a0cfe60a4f2d04d3f5e340948b9ca3a630cf03bfeb2a7893b8aa3ea,,,,
3,725,725,2026-04-22T05:02:43+02:00,2026-04-22T05:02:43+02:00,,Withdrawal,CAD,-3.85,,,CAD,,,"Parking (Honk)",2025-12-09T23:02:00+01:00,"CIBC Costco Credit Card (Veronica)",,"Asset account","Gas & Car Expenses",,"Expense account",,,"Parking Fees",,,,,,,,,,,,,,,,,,,,,,,8dc031c6bf3f7e5309c42b148e517c9bf3d708532807c129941d5e6d1e764448,,,,
3,556,556,2026-04-22T03:33:37+02:00,2026-04-22T03:33:37+02:00,,Withdrawal,CAD,-37.10,,,CAD,,,"Wisla Groceries",2025-12-08T21:33:00+01:00,"Collabria Credit Card (Veronica)",,"Asset account",Groceries,,"Expense account",,,,,,,,,,,,,,,,,,,,,,,,,,55f4a21201caf30914602c3d28c6bcdbe8e069869046383fa1f6d2fc9af234c5,,,,
3,557,557,2026-04-22T03:34:10+02:00,2026-04-22T03:34:10+02:00,,Withdrawal,CAD,-31.55,,,CAD,,,"Gas at Shell",2025-12-08T20:33:00+01:00,"Collabria Credit Card (Veronica)",,"Asset account","Gas & Car Expenses",,"Expense account",,,"Gas & Car Maintenance",,,,,,,,,,,,,,,,,,,,,,,9082f20673e128f045bed59ef3aec2d1932fbee0e436c68ce0e118b20d993194,,,,
3,467,467,2026-02-03T00:54:53+01:00,2026-02-03T01:02:21+01:00,,Withdrawal,CAD,-2.00,,,CAD,,,"Withd Cash",2025-12-08T18:54:00+01:00,"Polish Credit Union (Veronica)",,"Asset account",Cash,,"Expense account",,,,,,"Can't remember the context",,,,,,,,,,,,,,,,,,,,000ba716980fc78b8fb21f8fbf518b98cd443d299b84a2e470ae8438fd0489a1,,ff3-v6.4.14,,
3,466,466,2026-02-03T00:54:09+01:00,2026-02-03T01:02:34+01:00,,Deposit,CAD,50.00,,,CAD,,,"Repayment from Daniel",2025-12-08T18:53:00+01:00,"Tata (Dad)",,"Revenue account","Polish Credit Union (Veronica)",,"Asset account",,,,,,"I think Tata repaid me for smth through Dan",,,,,,,,,,,,,,,,,,,,5234237839277e59b57a18037cabc046cef44ba9d9aa63973f92de9dd9826df7,,ff3-v6.4.14,,
3,544,544,2026-04-02T03:58:46+02:00,2026-04-02T03:58:46+02:00,,Withdrawal,CAD,-10.16,,,CAD,,,"Pizza Pizza (w Arin)",2025-12-07T21:58:00+01:00,"Collabria Credit Card (Veronica)",,"Asset account",Takeout,,"Expense account",,,,,,,,,,,,,,,,,,,,,,,,,,afe9a7748b7060e2e1375d097e64d6985301dfc9c1680bea09dee834bff750bd,,,,
3,543,543,2026-04-02T03:56:36+02:00,2026-04-02T03:56:36+02:00,,Withdrawal,CAD,-10.96,,,CAD,,,"Food Basics (w Arin)",2025-12-06T21:55:00+01:00,"Collabria Credit Card (Veronica)",,"Asset account",Groceries,,"Expense account",,,,,,?,,,,,,,,,,,,,,,,,,,,6fcf2afb60c8859a634b53bb1ed34672ed17de762cbe609629d43831d63e5959,,,,
3,542,542,2026-04-02T03:55:50+02:00,2026-04-02T03:55:50+02:00,,Withdrawal,CAD,-41.91,,,CAD,,,"Gas at Shell",2025-12-05T21:55:00+01:00,"Collabria Credit Card (Veronica)",,"Asset account","Gas & Car Expenses",,"Expense account",,,"Gas & Car Maintenance",,,,,,,,,,,,,,,,,,,,,,,bcf19c2c040bbc3e00ea2b378bedc6b1f2ca48e8986aed6c14ef12b929789d9b,,,,
3,541,541,2026-04-02T03:55:18+02:00,2026-04-02T03:55:18+02:00,,Withdrawal,CAD,-8.38,,,CAD,,,"Medication Purchase (Dundas427 Pharmacy)",2025-12-05T21:54:00+01:00,"Collabria Credit Card (Veronica)",,"Asset account","Household Expenses",,"Expense account",,,,,,,,,,,,,,,,,,,,,,,,,,5e4b1ce715b1e866df03922c2dc9f0bf8d5fd82de5b8901e6bdcde1f2cdf66ff,,,,
3,540,540,2026-04-02T03:54:37+02:00,2026-04-02T03:54:37+02:00,,Withdrawal,CAD,-3.96,,,CAD,,,Dollarama,2025-12-05T21:54:00+01:00,"Collabria Credit Card (Veronica)",,"Asset account","Recreational Spending",,"Expense account",,,,,,,,,,,,,,,,,,,,,,,,,,d22878a5fa16eea1d76f5a324986ed932af2051e8b6f286c22fe0debe4b7b5f3,,,,
3,539,539,2026-04-02T03:54:01+02:00,2026-04-02T03:54:01+02:00,,Withdrawal,CAD,-25.39,,,CAD,,,"Wisla Groceries",2025-12-05T21:53:00+01:00,"Collabria Credit Card (Veronica)",,"Asset account",Groceries,,"Expense account",,,,,,,,,,,,,,,,,,,,,,,,,,25595dc5aed7902e5f4abeb4d5374cc20b3d49b1bb9347a804f2e120cb0db831,,,,
3,465,465,2026-02-03T00:53:25+01:00,2026-02-03T01:02:52+01:00,,Deposit,CAD,448.55,,,CAD,,,Income,2025-12-05T18:52:00+01:00,"POLCU Job (Veronica)",,"Revenue account","Polish Credit Union (Veronica)",,"Asset account",,Income,,,,,,,,,,,,,,,,,,,,,,,,ca93d4d8f982eed278f3504707fc7553dfd13b43a50ee775fce1c5ab25be176f,,ff3-v6.4.14,,
3,726,726,2026-04-22T05:02:59+02:00,2026-04-22T05:02:59+02:00,,Withdrawal,CAD,-10.35,,,CAD,,,"Parking (Honk)",2025-12-02T23:02:00+01:00,"CIBC Costco Credit Card (Veronica)",,"Asset account","Gas & Car Expenses",,"Expense account",,,"Parking Fees",,,,,,,,,,,,,,,,,,,,,,,e52fa8a49dfd6f469efde71bfdabe0e302e42fd7c21db72f3248660d5114e73a,,,,
3,538,538,2026-04-02T03:53:35+02:00,2026-04-02T03:53:35+02:00,,Withdrawal,CAD,-2.00,,,CAD,,,"Parking (Toronto Parking)",2025-12-02T21:52:00+01:00,"Collabria Credit Card (Veronica)",,"Asset account","Gas & Car Expenses",,"Expense account",,,"Parking Fees",,,,,,,,,,,,,,,,,,,,,,,4f274e988ca961e36225f361093b6db020f93074c53495dca8c12f8ef688762b,,,,
3,244,244,2025-11-29T01:13:15+01:00,2026-02-03T00:48:15+01:00,,Withdrawal,CAD,-249.39,,,CAD,,,"Paypal transfer to Rico (pluto's pc)",2025-12-02T19:12:00+01:00,"Polish Credit Union (Veronica)",,"Asset account","Rico (Paypal)",,"Expense account",,,,,,"Mya sent $100 CAD (68.30 USD on paypal today) & I'm sending $100 USD ($146.40 CAD on paypal today)",,,,,,,,,,,,,,,,,,,,d903306497c9b062aebe0f42fd9700565698bf6beff110754e436d038a32f714,,ff3-v6.3.2,,
3,464,464,2026-02-03T00:52:47+01:00,2026-02-03T01:03:05+01:00,,Withdrawal,CAD,-10.00,,,CAD,,,"Presto top-up",2025-12-02T18:52:00+01:00,"Polish Credit Union (Veronica)",,"Asset account","Misc. Transport Expenses",,"Expense account",,,,,,,,,,,,,,,,,,,,,,,,,,5c5a46830b6d51a16b7a0e6cb16cbf5c9f56f3ac9ce48a5cdc6bd3c9ecaed2f8,,ff3-v6.4.14,,
3,476,476,2026-02-03T00:58:49+01:00,2026-02-03T01:03:17+01:00,,Withdrawal,CAD,-13.06,,,CAD,,,"Walmart (Snacks w Arin & Marta)",2025-12-01T18:58:00+01:00,"Polish Credit Union (Veronica)",,"Asset account","Recreational Spending",,"Expense account",,,,,,,,,,,,,,,,,,,,,,,,,,28181c1895db0735cc33248161609bcd31d04ec47e1e1f37e8dd3c08f44e6347,,ff3-v6.4.14,,
3,537,537,2026-04-02T03:52:54+02:00,2026-04-02T03:52:54+02:00,,Withdrawal,CAD,-40.68,,,CAD,,,"Fizz (Phone Bill)",2025-11-30T21:52:00+01:00,"Collabria Credit Card (Veronica)",,"Asset account","Household Expenses",,"Expense account",,,,"Phone Bill (Veronica)",,,,,,,,,,,,,,,,,,,,,,11ee7585de0cd357429be240edbc1d9ef53bd4321d7bd7df2c07c7f910dcb71a,,,,
3,463,463,2026-02-03T00:51:49+01:00,2026-02-03T01:03:29+01:00,,Deposit,CAD,0.16,,,CAD,,,"Savings Acct Interest from POLCU",2025-11-30T18:51:00+01:00,Interest,,"Revenue account","Polish Credit Union (Veronica)",,"Asset account",,,,,,,,,,,,,,,,,,,,,,,,,,23c4d50f4f9c73669341eeca1071774b374db9cc75482195c407ad579ce37ff8,,ff3-v6.4.14,,
3,536,536,2026-04-02T03:51:18+02:00,2026-04-02T03:51:18+02:00,,Withdrawal,CAD,-1.10,,,CAD,,,"Foreign Transaction Fee (Doordash)",2025-11-29T21:50:00+01:00,"Polish Credit Union (Veronica)",,"Asset account","Misc. Fees (ex. Foreign currency)",,"Expense account",,,,,,,,,,,,,,,,,,,,,,,,,,679b8fb078d0d490249bf3deb1001c2b37296d822765e1fdda159a1d4827e878,,,,
3,535,535,2026-04-02T03:50:54+02:00,2026-04-02T03:50:54+02:00,,Withdrawal,CAD,-44.17,,,CAD,,,"Doordash for Rico",2025-11-29T21:50:00+01:00,"Collabria Credit Card (Veronica)",,"Asset account","Emergency Circumstance",,"Expense account",,,,,,,,,,,,,,,,,,,,,,,,,,05cde1bdcbd429adc9abf5b950340a9663f8ba715d14a23fa48ca80d1e723ae9,,,,
3,462,462,2026-02-03T00:51:19+01:00,2026-02-03T01:03:42+01:00,,Withdrawal,CAD,-42.33,,,CAD,,,Osmow's,2025-11-29T18:49:00+01:00,"Polish Credit Union (Veronica)",,"Asset account",Takeout,,"Expense account",,,"Recreational Spending",,,"(I don't remember the context)",,,,,,,,,,,,,,,,,,,,077014f01167daed8e135c690ffa3a40591cbfbf453e1ad65fb3471172059e04,,ff3-v6.4.14,,
3,461,461,2026-02-03T00:49:54+01:00,2026-02-03T01:03:57+01:00,,Withdrawal,CAD,-13.10,,,CAD,,,"Pizza (with Babcia)",2025-11-29T18:49:00+01:00,"Polish Credit Union (Veronica)",,"Asset account",Babcia,,"Expense account",,,,,,,,,,,,,,,,,,,,,,,,,,4013b46803aa96bb94d723eee1be1a429bb4050a859434e7f108608e405303cb,,ff3-v6.4.14,,
3,460,460,2026-02-03T00:49:30+01:00,2026-02-03T01:00:02+01:00,,Withdrawal,CAD,-24.27,,,CAD,,,"Metro (Babcia's Groceries)",2025-11-29T18:48:00+01:00,"Polish Credit Union (Veronica)",,"Asset account",Babcia,,"Expense account",,,,,,,,,,,,,,,,,,,,,,,,,,8470f1dc1afb8588d2d1d6a0b71fc95f120241e9caa94a19690031e3820c00ea,,ff3-v6.4.14,,
3,493,493,2026-02-03T01:17:46+01:00,2026-02-03T01:20:47+01:00,,Deposit,CAD,0.04,,,CAD,,,"Savings Acct Interest from TD",2025-11-28T19:17:00+01:00,Interest,,"Revenue account","TD Bank (Veronica)",,"Asset account",,,,,,,,,,,,,,,,,,,,,,,,,,fa3ac277af7ab1d8985353ef5fbacd5463c473532f567318da3d78cbd44d289d,,ff3-v6.4.14,,
3,223,223,2025-11-29T00:17:03+01:00,2025-11-29T00:17:03+01:00,,Transfer,CAD,319.88,,,CAD,,,"Bill Payment (Collabria CC)",2025-11-28T18:16:00+01:00,"Polish Credit Union (Veronica)",,"Asset account","Collabria Credit Card (Veronica)",,"Asset account",,,,,,,,,,,,,,,,,,,,,,,,,,d745c0b029164559c45d1f5a21bb9141ce12126061d07b325c4b8cdd64768b57,,ff3-v6.3.2,,
3,222,222,2025-11-29T00:05:24+01:00,2025-11-29T00:05:24+01:00,,Deposit,CAD,100.00,,,CAD,,,"Money from Mya to send to Rico (for pluto's pc)",2025-11-28T18:04:00+01:00,Mya,,"Revenue account","Polish Credit Union (Veronica)",,"Asset account",,,,,,,,,,,,,,,,,,,,,,,,,,9e639e7df97c892321309b3305001dabed75a76ac9d809048f160b4beca206f0,,ff3-v6.3.2,,
3,243,243,2025-11-29T00:36:53+01:00,2025-11-29T00:36:53+01:00,,Withdrawal,CAD,-15.35,,,CAD,,,"Parking (Honk)",2025-11-27T18:36:00+01:00,"CIBC Costco Credit Card (Veronica)",,"Asset account","Gas & Car Expenses",,"Expense account",,,"Parking Fees",,,,,,,,,,,,,,,,,,,,,,,ae75683400d666e8c069bf9879f999c8c63ab3bf92395425e62d80c9133946f4,,ff3-v6.3.2,,
3,238,238,2025-11-29T00:26:44+01:00,2025-11-29T00:26:44+01:00,,Withdrawal,CAD,-1.04,,,CAD,,,"Foreign Transaction Fee (Doordash)",2025-11-26T18:26:00+01:00,"Collabria Credit Card (Veronica)",,"Asset account","Misc. Fees (ex. Foreign currency)",,"Expense account",,,,,,,,,,,,,,,,,,,,,,,,,,7bdb1e0f0e9679122bf6a9772c8d10ce296b1a2cbfc194412630cedb8d06833b,,ff3-v6.3.2,,
3,237,237,2025-11-29T00:26:01+01:00,2025-11-29T00:26:01+01:00,,Withdrawal,CAD,-41.90,,,CAD,,,"Doordash for Rico (sick)",2025-11-26T18:25:00+01:00,"Collabria Credit Card (Veronica)",,"Asset account","Emergency Circumstance",,"Expense account",,,,,,,,,,,,,,,,,,,,,,,,,,0503fec433ff9f057f364267a6d0ba8a1d77ed020e6255877629a099f2e349b7,,ff3-v6.3.2,,
3,221,221,2025-11-29T00:04:53+01:00,2025-11-29T00:04:53+01:00,,Withdrawal,CAD,-50.00,,,CAD,,,"Withd Cash for grad photos ($30) + cash to have just in case",2025-11-26T18:04:00+01:00,"Polish Credit Union (Veronica)",,"Asset account","Cash account",,"Cash account",,,,,,,,,,,,,,,,,,,,,,,,,,20783368853a83ab15c03a2359ed3a95cb3d84554d543a466538746337e5422e,,ff3-v6.3.2,,
3,242,242,2025-11-29T00:36:33+01:00,2025-11-29T00:36:33+01:00,,Withdrawal,CAD,-15.35,,,CAD,,,"Parking (Honk)",2025-11-25T18:36:00+01:00,"CIBC Costco Credit Card (Veronica)",,"Asset account","Gas & Car Expenses",,"Expense account",,,"Parking Fees",,,,,,,,,,,,,,,,,,,,,,,90dac2ac575e1d7e3a765175f306ac80ffd6de52d03cb59e09eacec84f1effbd,,ff3-v6.3.2,,
3,236,236,2025-11-29T00:25:32+01:00,2025-11-29T00:25:32+01:00,,Withdrawal,CAD,-7.16,,,CAD,,,"Aigoo Food Mart (cinnamon rolls for Dan)",2025-11-25T18:24:00+01:00,"Collabria Credit Card (Veronica)",,"Asset account",Daniel,,"Expense account",,,,,,,,,,,,,,,,,,,,,,,,,,eaba80a177161e889b34001e12177f3348fda5d0ec28c4fdf3d3fbdf788e2d8c,,ff3-v6.3.2,,
3,235,235,2025-11-29T00:24:56+01:00,2025-11-29T00:24:56+01:00,,Withdrawal,CAD,-5.48,,,CAD,,,"Bulk Barn (sesame & cumin for tahini & hummus)",2025-11-25T18:24:00+01:00,"Collabria Credit Card (Veronica)",,"Asset account",Groceries,,"Expense account",,,,,,,,,,,,,,,,,,,,,,,,,,fde71a0092e286b49df76d04d3edf3f2504a9b14ca76341f88e763eb46a267b6,,ff3-v6.3.2,,
3,234,234,2025-11-29T00:24:25+01:00,2025-11-29T00:24:25+01:00,,Withdrawal,CAD,-5.58,,,CAD,,,"Groceries (chickpeas for hummus)",2025-11-25T18:24:00+01:00,"Collabria Credit Card (Veronica)",,"Asset account",Groceries,,"Expense account",,,,,,,,,,,,,,,,,,,,,,,,,,4fd9f84f43c4378351a858fcb919996736992590ca73c1a56f60374f28ed6f96,,ff3-v6.3.2,,
3,233,233,2025-11-29T00:24:02+01:00,2025-11-29T00:24:02+01:00,,Withdrawal,CAD,-30.61,,,CAD,,,"Gas at Shell",2025-11-24T18:23:00+01:00,"Collabria Credit Card (Veronica)",,"Asset account","Gas & Car Expenses",,"Expense account",,,"Gas & Car Maintenance",,,,,,,,,,,,,,,,,,,,,,,9868ab80d12801e20f86a1f0be6347979266626ca04f4ae15038e8029f96842e,,ff3-v6.3.2,,
3,220,220,2025-11-29T00:04:09+01:00,2025-11-29T00:04:09+01:00,,Deposit,CAD,30.91,,,CAD,,,"Ontario Trillium Benefit (OTB)",2025-11-24T18:03:00+01:00,Government,,"Revenue account","Polish Credit Union (Veronica)",,"Asset account",,,,,,,,,,,,,,,,,,,,,,,,,,b8bbe6ff64ed57471d806d657495c04b56dac93052a58cb46b69061ff358e3d5,,ff3-v6.3.2,,
3,219,219,2025-11-29T00:03:32+01:00,2025-11-29T00:03:32+01:00,,Withdrawal,CAD,-104.47,,,CAD,,,"Returning refunded airbnb cost to Malik",2025-11-21T18:02:00+01:00,"Polish Credit Union (Veronica)",,"Asset account",Malik,,"Expense account",,,,,,"Malik cancelled the airbnb after one day cause he figured out  a diff place to stay",,,,,,,,,,,,,,,,,,,,fd7c9e41ce28db2337bf0e31cbe0b922f8239ceda3d9f554e7c3905a309a8fe9,,ff3-v6.3.2,,
3,218,218,2025-11-29T00:02:18+01:00,2025-11-29T00:02:18+01:00,,Deposit,CAD,369.84,,,CAD,,,Income,2025-11-21T18:01:00+01:00,"POLCU Job (Veronica)",,"Revenue account","Polish Credit Union (Veronica)",,"Asset account",,,,,,,,,,,,,,,,,,,,,,,,,,167faff8f79b68afa3c5eb67ccda6675c70e054f39a4c11a754d6b7de84a6e86,,ff3-v6.3.2,,
3,728,728,2026-04-22T05:11:38+02:00,2026-04-22T05:12:53+02:00,,Withdrawal,CAD,-9.10,,,CAD,,,"Parking (Honk)",2025-11-20T23:11:00+01:00,"CIBC Costco Credit Card (Veronica)",,"Asset account","Gas & Car Expenses",,"Expense account",,,"Parking Fees",,,,,,,,,,,,,,,,,,,,,,,823629f8d872500231b1dd9e83d1996ec4cc3b41a169f4aaebd6a6f259f149cc,,,,
3,232,232,2025-11-29T00:23:03+01:00,2025-11-29T00:23:03+01:00,,Withdrawal,CAD,-16.17,,,CAD,,,"Groceries at Walmart (milk, beans)",2025-11-20T18:22:00+01:00,"Collabria Credit Card (Veronica)",,"Asset account",Groceries,,"Expense account",,,,,,,,,,,,,,,,,,,,,,,,,,7a8806956156050b564dedece3b4ae2e9f73b6663fedf2c051e877aafe0daf4c,,ff3-v6.3.2,,
3,240,240,2025-11-29T00:35:48+01:00,2025-11-29T00:35:48+01:00,,Withdrawal,CAD,-10.35,,,CAD,,,"Parking (Honk)",2025-11-18T18:35:00+01:00,"CIBC Costco Credit Card (Veronica)",,"Asset account","Gas & Car Expenses",,"Expense account",,,"Parking Fees",,,,,,,,,,,,,,,,,,,,,,,5e3ba89def0aa608d6f115c93f0a9cbb8fd052ea2e28e5f21ea7886aee3805da,,ff3-v6.3.2,,
3,217,217,2025-11-29T00:01:55+01:00,2025-11-29T00:39:50+01:00,,Deposit,CAD,100.00,,,CAD,,,"Tata returning Zets",2025-11-18T18:01:00+01:00,"Tata (Dad)",,"Revenue account","Polish Credit Union (Veronica)",,"Asset account",,,,,,,,,,,,,,,,,,,,,,,,,,606fc6564f2774736ee5baa6e62c59ab75873cae6068432ed45650e1e5a07771,,ff3-v6.3.2,,
3,231,231,2025-11-29T00:22:32+01:00,2025-11-29T00:22:32+01:00,,Withdrawal,CAD,-25.25,,,CAD,,,"Coinamatic (laundry card)",2025-11-17T18:22:00+01:00,"Collabria Credit Card (Veronica)",,"Asset account","Household Expenses",,"Expense account",,,,,,,,,,,,,,,,,,,,,,,,,,ff144640e039feac54e85c57d2ffaeadf1f6f4e58d998b8a79ed312f928e78ce,,ff3-v6.3.2,,
3,230,230,2025-11-29T00:22:11+01:00,2025-11-29T00:22:11+01:00,,Deposit,CAD,104.47,,,CAD,,,"Airbnb (refunded for cancelled days)",2025-11-17T18:21:00+01:00,Airbnb,,"Revenue account","Collabria Credit Card (Veronica)",,"Asset account",,,,,,,,,,,,,,,,,,,,,,,,,,982b657f87dfea3f329735e25f4f7bcfc28617d7a0ec3b15d5477f0273489841,,ff3-v6.3.2,,
3,229,229,2025-11-29T00:21:37+01:00,2025-11-29T00:23:11+01:00,,Withdrawal,CAD,-4.99,,,CAD,,,"TGTG (Timmie bkfast for me & Malik)",2025-11-17T18:21:00+01:00,"Collabria Credit Card (Veronica)",,"Asset account",Takeout,,"Expense account",,,"Recreational Spending",,,,,,,,,,,,,,,,,,,,,,,377e51f793826fa3243ba8dd526e9cb7276b560ca294495ddfafd57798bac6a8,,ff3-v6.3.2,,
3,228,228,2025-11-29T00:21:05+01:00,2025-11-29T00:21:05+01:00,,Withdrawal,CAD,-25.00,,,CAD,,,"Gas at Shell",2025-11-16T18:20:00+01:00,"Collabria Credit Card (Veronica)",,"Asset account","Gas & Car Expenses",,"Expense account",,,"Gas & Car Maintenance",,,,,,,,,,,,,,,,,,,,,,,f64c1ff15de37f0048dcb9cb950b39eff496a50f15dd76d8b5a707a49275ac97,,ff3-v6.3.2,,
3,227,227,2025-11-29T00:20:45+01:00,2025-11-29T00:23:24+01:00,,Withdrawal,CAD,-5.93,,,CAD,,,"Dollar Tree (notebooks)",2025-11-16T18:20:00+01:00,"Collabria Credit Card (Veronica)",,"Asset account","Recreational Spending",,"Expense account",,,"Recreational Spending",,,,,,,,,,,,,,,,,,,,,,,ae5594376f708d82fe1677a633cfcd601347a2041bf11903d2deb52ed0571a93,,ff3-v6.3.2,,
3,226,226,2025-11-29T00:20:25+01:00,2025-11-29T00:20:25+01:00,,Withdrawal,CAD,-18.12,,,CAD,,,"Dollar Tree (unperishable food for Malik)",2025-11-16T18:19:00+01:00,"Collabria Credit Card (Veronica)",,"Asset account","Emergency Circumstance",,"Expense account",,,,,,,,,,,,,,,,,,,,,,,,,,1a31fe59e8338e55ad05da82399549aea780155afd3a5334f6a24086f0486f60,,ff3-v6.3.2,,
3,225,225,2025-11-29T00:19:37+01:00,2025-11-29T00:19:37+01:00,,Withdrawal,CAD,-159.45,,,CAD,,,"Airbnb for Malik (he sent money cause his CC wasnt working)",2025-11-16T18:19:00+01:00,"Collabria Credit Card (Veronica)",,"Asset account","Emergency Circumstance",,"Expense account",,,,,,,,,,,,,,,,,,,,,,,,,,18ca3334a3d0fb838ecab48a1e4c3548b954e03fdc15ed84b87983df34e83e87,,ff3-v6.3.2,,
3,224,224,2025-11-29T00:18:28+01:00,2025-11-29T00:19:56+01:00,,Withdrawal,CAD,-9.03,,,CAD,,,"Value Village (bag for Malik)",2025-11-16T18:17:00+01:00,"Collabria Credit Card (Veronica)",,"Asset account","Emergency Circumstance",,"Expense account",,,,,,,,,,,,,,,,,,,,,,,,,,bc3384295c359a99296817caba755b695c988704a1e55277b915a286c5015776,,ff3-v6.3.2,,
3,216,216,2025-11-29T00:01:15+01:00,2025-11-29T00:01:15+01:00,,Deposit,CAD,159.45,,,CAD,,,"eTrs from Malik (to pay for his airbnb)",2025-11-16T17:55:00+01:00,Malik,,"Revenue account","Polish Credit Union (Veronica)",,"Asset account",,,,,,"Malik got an airbnb for a couple of days but his cc didnt work for reservations; he sent me the money",,,,,,,,,,,,,,,,,,,,6ca440d7b7c207fb05cc4f3d073cb75b35180d78272022361a42e357d94170c3,,ff3-v6.3.2,,
3,214,214,2025-11-16T02:51:57+01:00,2025-11-16T02:51:57+01:00,,Withdrawal,CAD,-3.20,,,CAD,,,"Late fee (double-check estatement)",2025-11-15T20:51:00+01:00,"CIBC Costco Credit Card (Veronica)",,"Asset account","Late Fees",,"Expense account",,,,,,"double check CIBC balancing later",,,,,,,,,,,,,,,,,,,,4e149d56fbd2e79c2801382dd8189833626c826427c4a075ddfe97079fdfb7af,,ff3-v6.3.2,,
3,209,209,2025-11-16T02:33:07+01:00,2025-11-16T02:52:45+01:00,,Transfer,CAD,103.26,,,CAD,,,"Bill Payment (CIBC CC)",2025-11-15T20:32:00+01:00,"Polish Credit Union (Veronica)",,"Asset account","CIBC Costco Credit Card (Veronica)",,"Asset account",,,,,,"(check credit card balancing sheet; it looks like not only do I have a 3.20 fee, but I still owe them $173.83??) (probably call to get it sorted)

Also, I later realized I accidentally counted Nov 4 Honk twice; due to this payment, I'm 10.35 overpaid. Double check later estatement)",,,,,,,,,,,,,,,,,,,,d3c2327a0ecc3d4595d03544104f26d349f681f8f062db6f7e44645bc8ca4d12,,ff3-v6.3.2,,
3,208,208,2025-11-16T02:29:18+01:00,2025-11-16T02:33:49+01:00,,Transfer,CAD,103.26,,,CAD,,,"Bill Payment (Collabria CC) (WAS MEANT FOR CIBC)",2025-11-15T20:13:00+01:00,"Polish Credit Union (Veronica)",,"Asset account","Collabria Credit Card (Veronica)",,"Asset account",,,,,,"paid this to the wrong card lol, but I dont think the POLCU site can let me take it back on my own",,,,,,,,,,,,,,,,,,,,7c55f0e69c745e00e89e0082013871860ee96976153ec63d374eed48c4b7b8fd,,ff3-v6.3.2,,
3,215,215,2025-11-28T23:55:07+01:00,2025-11-29T00:18:55+01:00,,Withdrawal,CAD,-40.00,,,CAD,,,"eTrs to Malik (Helping him w his situation)",2025-11-15T17:54:00+01:00,"Polish Credit Union (Veronica)",,"Asset account","Emergency Circumstance",,"Expense account",,,,,,"Malik had to leave his stepfathers place and functionally become homeless; I sent some money to help cover some immediate expenses.",,,,,,,,,,,,,,,,,,,,404d83c0d2f209b59d4e6b606561ada589f93bf5b68a613961c7a63cf1411733,,ff3-v6.3.2,,
3,212,212,2025-11-16T02:36:22+01:00,2025-11-16T02:55:27+01:00,,Withdrawal,CAD,-5.08,,,CAD,,,"Costco Cafeteria (hotdogs for Tata, me & Dan before movie)",2025-11-14T20:35:00+01:00,"CIBC Costco Credit Card (Veronica)",,"Asset account",Takeout,,"Expense account",,,"Recreational Spending",,,,,,,,,,,,,,,,,,,,,,,6446c1810ac8e6910ba6dd41b702fb883f7f5d6287a2f5255a8c65a79430b918,,ff3-v6.3.2,,
3,204,204,2025-11-16T02:03:44+01:00,2025-11-16T02:03:44+01:00,,Withdrawal,CAD,-30.00,,,CAD,,,"Trs for Tata to Daniel (avoiding etrs fees)",2025-11-14T20:03:00+01:00,"Polish Credit Union (Veronica)",,"Asset account",Daniel,,"Expense account",,,,,,"See etrs on Nov 14, Tata sent me money & some to etrs to Dan cause I have no fees",,,,,,,,,,,,,,,,,,,,49918f1877499ae2947b3bb60d5b05530c9f5d2d5312afd593c6a3efe66e2fe1,,ff3-v6.3.2,,
3,203,203,2025-11-16T02:03:02+01:00,2025-11-16T02:03:02+01:00,,Deposit,CAD,230.00,,,CAD,,,"Tata returning OliveMD + tickets for Predator",2025-11-14T20:02:00+01:00,"Tata (Dad)",,"Revenue account","Polish Credit Union (Veronica)",,"Asset account",,,,,,"$30 to send Daniel so Tata doesn't get etrs fee twice",,,,,,,,,,,,,,,,,,,,16d8b11e0c7e7dc97a25d4deaff268411bd104791133043fab2f7a834adb82c1,,ff3-v6.3.2,,
3,239,239,2025-11-29T00:33:51+01:00,2025-11-29T00:33:51+01:00,,Withdrawal,CAD,-124.60,,,CAD,,,"Concert tickets w Arin for next year",2025-11-14T18:33:00+01:00,"CIBC Costco Credit Card (Veronica)",,"Asset account","Recreational Spending",,"Expense account",,,"Recreational Spending",,,,,,,,,,,,,,,,,,,,,,,932347e8827e2b6c9576b58f48a74943af4436ba531b30fc4dc2faad57aaa78e,,ff3-v6.3.2,,
3,213,213,2025-11-16T02:36:44+01:00,2025-11-29T00:35:02+01:00,,Withdrawal,CAD,-48.40,,,CAD,,,"Gas at Shell",2025-11-14T08:36:00+01:00,"CIBC Costco Credit Card (Veronica)",,"Asset account","Gas & Car Expenses",,"Expense account",,,"Gas & Car Maintenance",,,,,,,,,,,,,,,,,,,,,,,24fe30170a9d2cea2c4a19e342c89375cb11893b60b3abb8717d0b1746064041,,ff3-v6.3.2,,
3,211,211,2025-11-16T02:35:47+01:00,2025-11-16T02:35:47+01:00,,Withdrawal,CAD,-16.95,,,CAD,,,"MyCreds (transcript for JET, unsecure vers.)",2025-11-13T20:35:00+01:00,"CIBC Costco Credit Card (Veronica)",,"Asset account","Household Expenses",,"Expense account",,,,,,,,,,,,,,,,,,,,,,,,,,ce02e5129dacfc520abd8e2b5a3149ca5ad93c610558a476e5469274d3ee1ebc,,ff3-v6.3.2,,
3,207,207,2025-11-16T02:12:20+01:00,2025-11-16T02:12:20+01:00,,Withdrawal,CAD,-16.95,,,CAD,,,"MyCreds (transcript for JET)",2025-11-13T20:11:00+01:00,"Collabria Credit Card (Veronica)",,"Asset account","Household Expenses",,"Expense account",,,,,,,,,,,,,,,,,,,,,,,,,,93cf658cb244f6ac472b310953074ace5970ad511e6e3655223f3185c7043507,,ff3-v6.3.2,,
3,206,206,2025-11-16T02:11:56+01:00,2025-11-16T02:11:56+01:00,,Withdrawal,CAD,-25.00,,,CAD,,,"YorkU (letter of eligibility to graduate for JET)",2025-11-13T20:11:00+01:00,"Collabria Credit Card (Veronica)",,"Asset account","Household Expenses",,"Expense account",,,,,,,,,,,,,,,,,,,,,,,,,,1acd33bebe5f614cdd34728ac59ae55568f1d21e8eb0130ad43f949ab66fdfc9,,ff3-v6.3.2,,
3,202,202,2025-11-16T02:01:59+01:00,2025-11-16T02:01:59+01:00,,Withdrawal,CAD,-47.14,,,CAD,,,"Paypal transfer to Rico (emergency money)",2025-11-13T20:01:00+01:00,"Polish Credit Union (Veronica)",,"Asset account","Rico (Paypal)",,"Expense account",,,,,,"$30 USD to last him until he gets his paycheque",,,,,,,,,,,,,,,,,,,,38e1b275fa594bb3b1aec3d1c56ef20944ed912ad8c7c98ba6e921112c64ff44,,ff3-v6.3.2,,
3,201,201,2025-11-16T02:00:54+01:00,2025-11-16T02:00:54+01:00,,Withdrawal,CAD,-100.00,,,CAD,,,"Payment for Physician's Statement (OliveMD)",2025-11-12T19:59:00+01:00,"Polish Credit Union (Veronica)",,"Asset account","Household Expenses",,"Expense account",,,,,,"Statement needed for JET Programme; Both Dr Kulpa & Dr Wadwhania out of office",,,,,,,,,,,,,,,,,,,,d85e5b7791a636d77a05cdd3e475dd9c870683e641b851be1d82607ab9277eae,,ff3-v6.3.2,,
3,210,210,2025-11-16T02:35:18+01:00,2025-11-16T02:35:18+01:00,,Withdrawal,CAD,-10.35,,,CAD,,,"Parking (Honk)",2025-11-11T20:34:00+01:00,"CIBC Costco Credit Card (Veronica)",,"Asset account","Gas & Car Expenses",,"Expense account",,,"Parking Fees",,,,,,,,,,,,,,,,,,,,,,,4757f33fea3759ad2bc9fb750aa8b8793afbf3319c0e4d09667b681606e42c40,,ff3-v6.3.2,,
3,205,205,2025-11-16T02:11:22+01:00,2025-11-29T00:40:57+01:00,,Withdrawal,CAD,-111.42,,,CAD,,,"Zets (for the family) (see desc)",2025-11-11T20:09:00+01:00,"Collabria Credit Card (Veronica)",,"Asset account",Takeout,,"Expense account",,,,,,"(tata paid back, see Nov 18 etrs)",,,,,,,,,,,,,,,,,,,,8e44237dbb4ea6cf9d99be387eb30b51f581a625ea3d0160e2b97911e0157cf9,,ff3-v6.3.2,,
3,200,200,2025-11-09T22:55:29+01:00,2025-11-09T22:55:29+01:00,,Withdrawal,CAD,-13.56,,,CAD,,,"Dollarama (mold removal equipment)",2025-11-08T16:54:00+01:00,"Collabria Credit Card (Veronica)",,"Asset account","Household Expenses",,"Expense account",,,,,,,,,,,,,,,,,,,,,,,,,,10b7fa421cf1c1972ef6ab119e9f13333b7c1b8a16ca46bf7d784417e2eb2dc8,,ff3-v6.3.2,,
3,199,199,2025-11-09T22:54:38+01:00,2025-11-16T02:54:45+01:00,,Withdrawal,CAD,-4.97,,,CAD,,,"Walmart (Photo printing)",2025-11-08T16:52:00+01:00,"Collabria Credit Card (Veronica)",,"Asset account","Recreational Spending",,"Expense account",,,"Recreational Spending",,,,,,,,,,,,,,,,,,,,,,,3647f110a64140be3188193516620418e5c205c846e24d00e4c7fe7597c39709,,ff3-v6.3.2,,
3,198,198,2025-11-09T22:38:27+01:00,2025-11-16T02:54:32+01:00,,Withdrawal,CAD,-5.08,,,CAD,,,"Costco Cafeteria",2025-11-08T16:37:00+01:00,"CIBC Costco Credit Card (Veronica)",,"Asset account","Household Expenses",,"Expense account",,,"Recreational Spending",,,"Costco 3 hot dog combo",,,,,,,,,,,,,,,,,,,,8f9f5c0890b17a5c1d46d810d01cad4b3ee335fb3eb0bf0811e6005e44cbef9d,,ff3-v6.3.2,,
3,195,195,2025-11-09T21:14:06+01:00,2025-11-09T21:14:06+01:00,,Deposit,CAD,45.00,,,CAD,,,"Repayment for Internet Primus Bill (Daniel)",2025-11-08T15:13:00+01:00,Daniel,,"Revenue account","Polish Credit Union (Veronica)",,"Asset account",,,,,,,,,,,,,,,,,,,,,,,,,,5c0e4ee466054a9236352b05a04769b6622c3457d79c3d8f8fc377e5cbe3acb0,,ff3-v6.3.2,,
3,194,194,2025-11-09T21:13:24+01:00,2025-11-09T21:13:24+01:00,,Deposit,CAD,426.98,,,CAD,,,Income,2025-11-07T15:13:00+01:00,"POLCU Job (Veronica)",,"Revenue account","Polish Credit Union (Veronica)",,"Asset account",,,,,,,,,,,,,,,,,,,,,,,,,,069e345da3d278f6776d453c7c5f0aaa0da6b69437eac21a9935f98e76fb6ccc,,ff3-v6.3.2,,
3,197,197,2025-11-09T22:34:03+01:00,2025-11-09T22:34:03+01:00,,Withdrawal,CAD,-3.85,,,CAD,,,"Parking (Honk)",2025-11-06T16:33:00+01:00,"CIBC Costco Credit Card (Veronica)",,"Asset account","Gas & Car Expenses",,"Expense account",,,"Parking Fees",,,,,,,,,,,,,,,,,,,,,,,4db2e8a57af097749fce97578d7ec717e944297f39513c177710ff7a350a3841,,ff3-v6.3.2,,
3,193,193,2025-11-05T05:04:24+01:00,2025-11-05T05:04:24+01:00,,Withdrawal,CAD,-135.00,,,CAD,,,"Internet Bill Payment (Primus)",2025-11-04T23:03:00+01:00,"Polish Credit Union (Veronica)",,"Asset account","Household Expenses",,"Expense account",,,,,,"Paying full 135, Mama and Daniel are meant to send me back 1/3 each once they can.",,,,,,,,,,,,,,,,,,,,901c195c69c41bd04df76424486cc77eea67f9df668b248a57cef4909a715879,,ff3-v6.3.2,,
3,192,192,2025-11-05T03:33:42+01:00,2025-11-05T03:33:42+01:00,,Transfer,CAD,638.01,,,CAD,,,"Bill Payment (CIBC CC)",2025-11-04T21:33:00+01:00,"Polish Credit Union (Veronica)",,"Asset account","CIBC Costco Credit Card (Veronica)",,"Asset account",,,,,,,,,,,,,,,,,,,,,,,,,,89e4961864a7e837b8a31e974cd21de393d67fc37a6e3a2e692b115949ace5e2,,ff3-v6.3.2,,
3,191,191,2025-11-05T03:33:13+01:00,2025-11-05T03:33:13+01:00,,Withdrawal,CAD,-10.35,,,CAD,,,"Parking (Honk)",2025-11-04T21:32:00+01:00,"CIBC Costco Credit Card (Veronica)",,"Asset account","Gas & Car Expenses",,"Expense account",,,"Parking Fees",,,,,,,,,,,,,,,,,,,,,,,c90e856f925585ee4e1e10b9717ec32b78deccd986f58a1f475b8b26b8518d64,,ff3-v6.3.2,,
3,160,160,2025-11-02T23:17:42+01:00,2025-11-02T23:17:42+01:00,,Transfer,CAD,408.37,,,CAD,,,"Bill Payment (Collabria CC)",2025-11-02T17:16:00+01:00,"Polish Credit Union (Veronica)",,"Asset account","Collabria Credit Card (Veronica)",,"Asset account",,,,,,"gonna be late; due date was 7th, gonna have a fee",,,,,,,,,,,,,,,,,,,,cbc0a50836c9d20288782ca7ba3cd001ac204f8e1e33599f1e1729e2662f83ec,,ff3-v6.3.2,,
3,142,142,2025-11-02T22:48:49+01:00,2025-11-02T22:48:49+01:00,,Deposit,CAD,24.00,,,CAD,,,"Repayment from Jan (Ottawa tea)",2025-11-02T16:48:00+01:00,Jan,,"Revenue account","Polish Credit Union (Veronica)",,"Asset account",,,,,,"24 bucks for two tea packets from Ottawa teastore",,,,,,,,,,,,,,,,,,,,41947d3618461fabb4ddff2f3e17b16f60d0c4f2952246ab80b09db7264d9d37,,ff3-v6.3.2,,
3,187,187,2025-11-02T23:52:56+01:00,2025-11-02T23:52:56+01:00,,Withdrawal,CAD,-19.20,,,CAD,,,"Wedel (Ottawa Polish store; choco for Tata + tymbark)",2025-11-01T17:52:00+01:00,"CIBC Costco Credit Card (Veronica)",,"Asset account",Tata,,"Expense account",,,,,,,,,,,,,,,,,,,,,,,,,,080bfdfda19b222e11867cef8b0e4c13bdda843006465ecbac3da92a4647fbb4,,ff3-v6.3.2,,
3,186,186,2025-11-02T23:52:12+01:00,2025-11-03T00:45:50+01:00,,Withdrawal,CAD,-2.00,,,CAD,,,"Basilique Cathedrale (Ottawa Notre Dame; candle for all saints)",2025-11-01T17:51:00+01:00,"CIBC Costco Credit Card (Veronica)",,"Asset account","Recreational Spending",,"Expense account",,,"Recreational Spending",,,,,,,,,,,,,,,,,,,,,,,31dbacb2e98ccd70a13938d27f7e15afc969e33310fbdfbd0cff7f477e11d3a3,,ff3-v6.3.2,,
3,185,185,2025-11-02T23:51:42+01:00,2025-11-03T00:45:57+01:00,,Withdrawal,CAD,-17.00,,,CAD,,,"Teastore Ottawa (for myself))",2025-11-01T17:51:00+01:00,"CIBC Costco Credit Card (Veronica)",,"Asset account","Recreational Spending",,"Expense account",,,"Recreational Spending",,,,,,,,,,,,,,,,,,,,,,,4e3c64b2bc905688b0d30797c331904e7bbdc32d99a890f4411e670bf167bb22,,ff3-v6.3.2,,
3,184,184,2025-11-02T23:51:12+01:00,2025-11-02T23:51:12+01:00,,Withdrawal,CAD,-24.00,,,CAD,,,"Teastore Ottawa (for Jan; repaid etrs)",2025-11-01T17:50:00+01:00,"CIBC Costco Credit Card (Veronica)",,"Asset account",Gift,,"Expense account",,,,,,,,,,,,,,,,,,,,,,,,,,37b242fa300cee1dbf27dbf9a1ca94d444c7b8cfbf2a5d3a28183e6a5032eb4a,,ff3-v6.3.2,,
3,183,183,2025-11-02T23:50:38+01:00,2025-11-02T23:50:38+01:00,,Withdrawal,CAD,-8.00,,,CAD,,,"Teastore Ottawa (gift for Arin)",2025-11-01T17:50:00+01:00,"CIBC Costco Credit Card (Veronica)",,"Asset account",Gift,,"Expense account",,,,,,,,,,,,,,,,,,,,,,,,,,9756df6af1d8da85b971a07dee27c5388cdc2a4775c2adc68736a80f30b9034b,,ff3-v6.3.2,,
3,182,182,2025-11-02T23:42:45+01:00,2025-11-02T23:42:57+01:00,,Withdrawal,CAD,-5.59,,,CAD,,,"Le Moulin de Provence (Ottawa; breakfast)",2025-11-01T17:42:00+01:00,"CIBC Costco Credit Card (Veronica)",,"Asset account",Takeout,,"Expense account",,,,,,"apricot brioche",,,,,,,,,,,,,,,,,,,,c38789810ba8ee27620698a6159b33e7f2dbf129bdc6c9fa5953d7990ca2cf42,,ff3-v6.3.2,,
3,159,159,2025-11-02T23:16:41+01:00,2025-11-02T23:16:41+01:00,,Withdrawal,CAD,-10.00,,,CAD,,,"Corazon de Maiz (Ottawa; Tortilla soup)",2025-11-01T17:16:00+01:00,"Collabria Credit Card (Veronica)",,"Asset account",Takeout,,"Expense account",,,,,,"had with Olga & Karolina",,,,,,,,,,,,,,,,,,,,a3bd4aaa952edd591f3f3d32a12127c5fef9e669dbb2381942ffb396d7959cdd,,ff3-v6.3.2,,
3,190,190,2025-11-03T01:30:24+01:00,2025-11-03T01:30:24+01:00,,Deposit,CAD,0.04,,,CAD,,,"Savings Acct Interest from TD",2025-10-31T19:30:00+01:00,Interest,,"Revenue account","TD Bank (Veronica)",,"Asset account",,,,,,,,,,,,,,,,,,,,,,,,,,0984b695173cfcdeb29b265f51313d9415ebffc4122c9d5607084467be4375ab,,ff3-v6.3.2,,
3,181,181,2025-11-02T23:42:18+01:00,2025-11-02T23:42:18+01:00,,Withdrawal,CAD,-53.73,,,CAD,,,"Pho By Night (Ottawa; Pho w Olga)",2025-10-31T17:41:00+01:00,"CIBC Costco Credit Card (Veronica)",,"Asset account",Takeout,,"Expense account",,,,,,"to be repaid, portion for Olga",,,,,,,,,,,,,,,,,,,,7238189824b5ed705db7d9ce33932504ef7ce08a895aa4675f67697e8d0d2424,,ff3-v6.3.2,,
3,180,180,2025-11-02T23:41:30+01:00,2025-11-02T23:41:30+01:00,,Withdrawal,CAD,-16.95,,,CAD,,,"MyCreds (transcript for scholarship app)",2025-10-31T17:41:00+01:00,"CIBC Costco Credit Card (Veronica)",,"Asset account","School Expenses",,"Expense account",,,,,,,,,,,,,,,,,,,,,,,,,,c3e11f5b62143c3adf21d94101e9e58e06591da29626ff35dd866a9d17b4f0a3,,ff3-v6.3.2,,
3,179,179,2025-11-02T23:40:58+01:00,2025-11-02T23:40:58+01:00,,Withdrawal,CAD,-51.98,,,CAD,,,"Flixbus (missed bus, new ticket)",2025-10-31T17:40:00+01:00,"CIBC Costco Credit Card (Veronica)",,"Asset account","Travel Spending",,"Expense account",,,,,,,,,,,,,,,,,,,,,,,,,,06349412003841b635f56ceadb067fe0a9fea0902fec08b0407549e8f41c55e3,,ff3-v6.3.2,,
3,158,158,2025-11-02T23:16:01+01:00,2025-11-02T23:16:01+01:00,,Withdrawal,CAD,-40.68,,,CAD,,,"Fizz (Phone Bill)",2025-10-31T17:15:00+01:00,"Collabria Credit Card (Veronica)",,"Asset account","Household Expenses",,"Expense account",,,,,,"new plan; from 1GB to 15GB",,,,,,,,,,,,,,,,,,,,54423591b88f6b6ca27429c88877042167fd348200188b84e2f5350cb0b6c9da,,ff3-v6.3.2,,
3,141,141,2025-11-02T22:47:39+01:00,2025-11-02T22:47:39+01:00,,Deposit,CAD,0.17,,,CAD,,,"Savings Acct Interest from POLCU",2025-10-31T16:47:00+01:00,Interest,,"Revenue account","Polish Credit Union (Veronica)",,"Asset account",,,,,,,,,,,,,,,,,,,,,,,,,,c5b726d06129746bffafad78e1cd7555dddaacd0d7af67b1cc373fe9cf5c5340,,ff3-v6.3.2,,
3,178,178,2025-11-02T23:40:32+01:00,2025-11-02T23:40:32+01:00,,Withdrawal,CAD,-4.99,,,CAD,,,"TGTG (gift for Arin on a whim)",2025-10-30T17:40:00+01:00,"CIBC Costco Credit Card (Veronica)",,"Asset account",Gift,,"Expense account",,,,,,"Timmies TGTG",,,,,,,,,,,,,,,,,,,,e7ad7ea50e7f95ac88795ec3888a17e5fd17f00607f3240910a41d09e9cb9270,,ff3-v6.3.2,,
3,177,177,2025-11-02T23:40:02+01:00,2025-11-02T23:40:02+01:00,,Withdrawal,CAD,-10.00,,,CAD,,,"Presto Top-up (Ottawa)",2025-10-30T17:39:00+01:00,"CIBC Costco Credit Card (Veronica)",,"Asset account","Misc. Transport Expenses",,"Expense account",,,,,,,,,,,,,,,,,,,,,,,,,,e52caf282ff049e763de151e289f1dad38020aad88b4ecb8dadef1766b44a1e5,,ff3-v6.3.2,,
3,176,176,2025-11-02T23:38:55+01:00,2025-11-02T23:38:55+01:00,,Withdrawal,CAD,-104.97,,,CAD,,,"Flixbus (both ways; Ottawa for summit)",2025-10-30T17:38:00+01:00,"CIBC Costco Credit Card (Veronica)",,"Asset account","Travel Spending",,"Expense account",,,,,,,,,,,,,,,,,,,,,,,,,,ed2e1bf71ec26d1fb054d96b7c73459148289fc3de9083e0e43531c3ac1e3df0,,ff3-v6.3.2,,
3,140,140,2025-11-02T22:47:19+01:00,2025-11-02T22:47:19+01:00,,Deposit,CAD,30.91,,,CAD,,,"Ontario Trillium Benefit (OTB)",2025-10-30T16:47:00+01:00,Government,,"Revenue account","Polish Credit Union (Veronica)",,"Asset account",,,,,,,,,,,,,,,,,,,,,,,,,,b6eb8eb9f297018d339dfaa37d3436cf78d27277345b26880c10436ddd14114c,,ff3-v6.3.2,,
3,175,175,2025-11-02T23:38:18+01:00,2025-11-03T00:49:21+01:00,,Withdrawal,CAD,-15.35,,,CAD,,,"Parking (Honk)",2025-10-28T17:38:00+01:00,"CIBC Costco Credit Card (Veronica)",,"Asset account","Gas & Car Expenses",,"Expense account",,,"Parking Fees",,,,,,,,,,,,,,,,,,,,,,,aadac1d0a770e871cccae2f5eb86804fa7ba7e9f4f353e7cf0721b6c46794cfd,,ff3-v6.3.2,,
3,174,174,2025-11-02T23:38:03+01:00,2025-11-02T23:39:14+01:00,,Withdrawal,CAD,-68.35,,,CAD,,,"Saintlo Ottawa Jail Hostel (for Ottawa summit)",2025-10-28T17:37:00+01:00,"CIBC Costco Credit Card (Veronica)",,"Asset account","Travel Spending",,"Expense account",,,,,,,,,,,,,,,,,,,,,,,,,,e6dbf62fb8cf889a57c8c132e9923a44daf25c439084d6e1351de966730b31cb,,ff3-v6.3.2,,
3,157,157,2025-11-02T23:15:23+01:00,2025-11-02T23:15:23+01:00,,Withdrawal,CAD,-13.56,,,CAD,,,"Fizz 1GB Top-up",2025-10-28T17:14:00+01:00,"Collabria Credit Card (Veronica)",,"Asset account","Household Expenses",,"Expense account",,,,,,"topup for ottawa trip",,,,,,,,,,,,,,,,,,,,9f2871054940c4e8b23eca4743978c5e7a5ab4dcd2afece9c153c7ea83103ca0,,ff3-v6.3.2,,
3,173,173,2025-11-02T23:37:26+01:00,2025-11-02T23:37:26+01:00,,Withdrawal,CAD,-8.00,,,CAD,,,"Medication Purchase (Dundas427 Pharmacy)",2025-10-27T17:37:00+01:00,"CIBC Costco Credit Card (Veronica)",,"Asset account","Household Expenses",,"Expense account",,,,,,,,,,,,,,,,,,,,,,,,,,76115546b82d8d62ba762795360365362105cead424d6d0a60f0a5c8e17c9fa7,,ff3-v6.3.2,,
3,139,139,2025-11-02T22:46:52+01:00,2025-11-02T22:46:52+01:00,,Deposit,CAD,101.89,,,CAD,,,"GST/HST Credit (GOV)",2025-10-27T16:46:00+01:00,Government,,"Revenue account","Polish Credit Union (Veronica)",,"Asset account",,,,,,,,,,,,,,,,,,,,,,,,,,268a09ef65b1463f38c3e57899f88791b01dfb0aea4a06cba27dc38d5037845d,,ff3-v6.3.2,,
3,138,138,2025-11-02T22:46:25+01:00,2025-11-02T22:46:25+01:00,,Deposit,CAD,100.00,,,CAD,,,"Tata returning Osmows + Parking",2025-10-25T16:45:00+02:00,"Tata (Dad)",,"Revenue account","Polish Credit Union (Veronica)",,"Asset account",,,,,,"Tata paid for Zets burgers for Dan, Osmows for Rico and I (he was leaving) and 25 bucks for parking on uni campus",,,,,,,,,,,,,,,,,,,,6fb731c4831890bdf4f573c87e86ab12bb31afbbc4e2ec47ec47d55de60c6eb7,,ff3-v6.3.2,,
3,137,137,2025-11-02T22:45:10+01:00,2025-11-02T22:45:10+01:00,,Deposit,CAD,403.55,,,CAD,,,Income,2025-10-24T16:44:00+02:00,"POLCU Job (Veronica)",,"Revenue account","Polish Credit Union (Veronica)",,"Asset account",,,,,,,,,,,,,,,,,,,,,,,,,,9eab47f478a12b476157a8502d8737bbb4fc00fe45806f5e94808dd390c5fb60,,ff3-v6.3.2,,
3,172,172,2025-11-02T23:37:08+01:00,2025-11-03T00:49:27+01:00,,Withdrawal,CAD,-10.35,,,CAD,,,"Parking (Honk)",2025-10-23T17:36:00+02:00,"CIBC Costco Credit Card (Veronica)",,"Asset account","Gas & Car Expenses",,"Expense account",,,"Parking Fees",,,,,,,,,,,,,,,,,,,,,,,094a1be8039fcf681b07e22a8af6246f8b15b2866d80f3d62f32ad506a28600c,,ff3-v6.3.2,,
3,156,156,2025-11-02T23:14:48+01:00,2025-11-02T23:14:48+01:00,,Withdrawal,CAD,-4.71,,,CAD,,,"Hot Oven Bakery (reduced muffins for lunch)",2025-10-22T17:14:00+02:00,"Collabria Credit Card (Veronica)",,"Asset account",Takeout,,"Expense account",,,,,,,,,,,,,,,,,,,,,,,,,,4038dac8ab100e6c11b874f78f396ee608189ddfe0a6dcf7495a26dc04029d44,,ff3-v6.3.2,,
3,171,171,2025-11-02T23:36:49+01:00,2025-11-03T00:49:38+01:00,,Withdrawal,CAD,-12.60,,,CAD,,,"Parking (Honk)",2025-10-21T17:36:00+02:00,"CIBC Costco Credit Card (Veronica)",,"Asset account","Gas & Car Expenses",,"Expense account",,,"Parking Fees",,,,,,,,,,,,,,,,,,,,,,,e7e15539c3d2eb8866151d12e306b5f52eb12f88329fdab9fa7ac8d8019d6c1f,,ff3-v6.3.2,,
3,170,170,2025-11-02T23:36:32+01:00,2025-11-03T00:46:03+01:00,,Withdrawal,CAD,-5.35,,,CAD,,,"Donation to Wikimedia",2025-10-21T17:36:00+02:00,"CIBC Costco Credit Card (Veronica)",,"Asset account","Recreational Spending",,"Expense account",,,"Recreational Spending",,,,,,,,,,,,,,,,,,,,,,,162e0bab4558278e7719fa4c95d842d63170553a6c8260cdd82ffe73b593b55b,,ff3-v6.3.2,,
3,169,169,2025-11-02T23:36:12+01:00,2025-11-03T00:50:10+01:00,,Withdrawal,CAD,-3.85,,,CAD,,,"Parking (Honk)",2025-10-21T17:36:00+02:00,"CIBC Costco Credit Card (Veronica)",,"Asset account","Gas & Car Expenses",,"Expense account",,,"Parking Fees",,,,,,,,,,,,,,,,,,,,,,,7f80077c441b74c6cb6a7ac830a51bf15580a53ce57823f53791fcdd561e2aa6,,ff3-v6.3.2,,
3,155,155,2025-11-02T23:14:06+01:00,2025-11-03T00:14:55+01:00,,Withdrawal,CAD,-29.52,,,CAD,,,"Gas at Shell",2025-10-21T17:13:00+02:00,"Collabria Credit Card (Veronica)",,"Asset account","Gas & Car Expenses",,"Expense account",,,"Gas & Car Maintenance",,,,,,,,,,,,,,,,,,,,,,,4f81804482baa14d0f328069a902724e3b19ccce1b763a61409710ae84a32675,,ff3-v6.3.2,,
3,154,154,2025-11-02T23:13:44+01:00,2025-11-02T23:13:44+01:00,,Withdrawal,CAD,-11.24,,,CAD,,,"Hanji Gifts (bday card for Jan)",2025-10-20T17:13:00+02:00,"Collabria Credit Card (Veronica)",,"Asset account",Gift,,"Expense account",,,,,,,,,,,,,,,,,,,,,,,,,,05ea755b9b9a4fd5f5dd90448d200f670b89f3011d1d7db1f77c3f7457297086,,ff3-v6.3.2,,
3,153,153,2025-11-02T23:13:20+01:00,2025-11-02T23:13:20+01:00,,Withdrawal,CAD,-13.56,,,CAD,,,"Ecotique (Lint remover gift for Jan)",2025-10-20T17:12:00+02:00,"Collabria Credit Card (Veronica)",,"Asset account",Gift,,"Expense account",,,,,,,,,,,,,,,,,,,,,,,,,,3fa81b5e8f61878789e211bc3e826100fb0502721e32a698ad381d1b4521acec,,ff3-v6.3.2,,
3,152,152,2025-11-02T23:12:34+01:00,2025-11-02T23:12:34+01:00,,Withdrawal,CAD,-41.78,,,CAD,,,"Osmows w/ Rico",2025-10-19T17:12:00+02:00,"Collabria Credit Card (Veronica)",,"Asset account",Takeout,,"Expense account",,,,,,"repaid by Tata",,,,,,,,,,,,,,,,,,,,e5bd749f80776b5e76ec44f3d71073d2ff113f4fc3317605919fe062f3822281,,ff3-v6.3.2,,
3,168,168,2025-11-02T23:35:41+01:00,2025-11-03T00:46:09+01:00,,Withdrawal,CAD,-10.45,,,CAD,,,"Dollarama (Movie night snacks pt2)",2025-10-18T17:34:00+02:00,"CIBC Costco Credit Card (Veronica)",,"Asset account","Recreational Spending",,"Expense account",,,"Recreational Spending",,,"snacks + notebook?",,,,,,,,,,,,,,,,,,,,a6eaf9fd5b33a1671c9491b91aba6a8695dcfc08da5c8768e681ed550864cce3,,ff3-v6.3.2,,
3,167,167,2025-11-02T23:34:48+01:00,2025-11-02T23:34:48+01:00,,Withdrawal,CAD,-11.57,,,CAD,,,"Groceries at Freshco",2025-10-18T17:34:00+02:00,"CIBC Costco Credit Card (Veronica)",,"Asset account",Groceries,,"Expense account",,,,,,,,,,,,,,,,,,,,,,,,,,5cf3151312f481d8bc4438588d51d9a2a460ffbd63398e4ce555160512a41a04,,ff3-v6.3.2,,
3,151,151,2025-11-02T23:11:33+01:00,2025-11-02T23:11:33+01:00,,Withdrawal,CAD,-5.29,,,CAD,,,"Groceries at Freshco",2025-10-17T17:10:00+02:00,"Collabria Credit Card (Veronica)",,"Asset account",Groceries,,"Expense account",,,,,,"butter for dinner rolls",,,,,,,,,,,,,,,,,,,,e9d8a7386eab55422cc8d3ce8db95858d74e879dc76d29ceec2ed221e22920b5,,ff3-v6.3.2,,
3,150,150,2025-11-02T23:08:32+01:00,2025-11-02T23:08:32+01:00,,Withdrawal,CAD,-60.46,,,CAD,,,"Sake Sushi w/ Rico!",2025-10-16T17:07:00+02:00,"Collabria Credit Card (Veronica)",,"Asset account",Takeout,,"Expense account",,,,,,"(part of this was wontons for kowalewski; repaid in cash)",,,,,,,,,,,,,,,,,,,,31dba82a0417c6d2896733634c0912d33cccc5bc8ac9bc6008808091b33b7561,,ff3-v6.3.2,,
3,149,149,2025-11-02T23:07:26+01:00,2025-11-02T23:11:46+01:00,,Withdrawal,CAD,-10.14,,,CAD,,,"Groceries at Freshco",2025-10-16T17:07:00+02:00,"Collabria Credit Card (Veronica)",,"Asset account",Groceries,,"Expense account",,,,,,"ingredients for dinner rolls",,,,,,,,,,,,,,,,,,,,9856368f52de42fb1ec715a1ff4ee6f6c0599df27085d9f51c31ec9fae0a13f5,,ff3-v6.3.2,,
3,148,148,2025-11-02T23:06:57+01:00,2025-11-03T00:46:15+01:00,,Withdrawal,CAD,-11.32,,,CAD,,,"Dollarama (Movie night snacks)",2025-10-16T17:06:00+02:00,"Collabria Credit Card (Veronica)",,"Asset account","Recreational Spending",,"Expense account",,,"Recreational Spending",,,,,,,,,,,,,,,,,,,,,,,ea87b49c3da55b1c6ac5aba29053279f68696b5c210cc2f96aa750a8cfd9cef5,,ff3-v6.3.2,,
3,147,147,2025-11-02T23:06:33+01:00,2025-11-03T00:15:02+01:00,,Withdrawal,CAD,-44.88,,,CAD,,,"Gas at Shell",2025-10-15T17:06:00+02:00,"Collabria Credit Card (Veronica)",,"Asset account","Gas & Car Expenses",,"Expense account",,,"Gas & Car Maintenance",,,,,,,,,,,,,,,,,,,,,,,92ee5054bebdf004084622cca13c0a1d60a941d3ecee64963b72375541c55425,,ff3-v6.3.2,,
3,146,146,2025-11-02T23:06:12+01:00,2025-11-02T23:06:12+01:00,,Withdrawal,CAD,-33.79,,,CAD,,,"Zets (Burgers for Dan, see desc)",2025-10-15T17:05:00+02:00,"Collabria Credit Card (Veronica)",,"Asset account",Daniel,,"Expense account",,,,,,"Tata repaid w etrs",,,,,,,,,,,,,,,,,,,,cab6ed7e1266c8cc6262181baf6463d13766cd6e52ae6cf13613377fef4df913,,ff3-v6.3.2,,
3,145,145,2025-11-02T23:05:34+01:00,2025-11-02T23:05:34+01:00,,Withdrawal,CAD,-61.87,,,CAD,,,"Zets (hangout w Arin, Rico and I)",2025-10-15T17:04:00+02:00,"Collabria Credit Card (Veronica)",,"Asset account","Social Spending",,"Expense account",,,,,,,,,,,,,,,,,,,,,,,,,,e6e727f434ef860c719823f8b3a040b11cc8a6a8b0f220b0ee89e61dea241c73,,ff3-v6.3.2,,
3,136,136,2025-11-02T22:44:39+01:00,2025-11-02T22:44:39+01:00,,Withdrawal,CAD,-105.34,,,CAD,,,"Paypal transfer to Rico (emergency money)",2025-10-15T16:44:00+02:00,"Polish Credit Union (Veronica)",,"Asset account","Rico (Paypal)",,"Expense account",,,,,,,,,,,,,,,,,,,,,,,,,,4db68741696019bf34f041922bda6ff10967c135489aa0fbbfcdee5c7773f70c,,ff3-v6.3.2,,
3,166,166,2025-11-02T23:34:22+01:00,2025-11-02T23:34:22+01:00,,Withdrawal,CAD,-28.24,,,CAD,,,Shoppers,2025-10-12T17:34:00+02:00,"CIBC Costco Credit Card (Veronica)",,"Asset account","Household Expenses",,"Expense account",,,,,,"Condoms + ?",,,,,,,,,,,,,,,,,,,,d5a430074c627e7a89546ef6a43039ae0c05d3d2040431785eb45836e25f5ea7,,ff3-v6.3.2,,
3,165,165,2025-11-02T23:33:55+01:00,2025-11-02T23:33:55+01:00,,Withdrawal,CAD,-10.00,,,CAD,,,"Presto top-up",2025-10-11T17:32:00+02:00,"CIBC Costco Credit Card (Veronica)",,"Asset account","Misc. Transport Expenses",,"Expense account",,,,,,,,,,,,,,,,,,,,,,,,,,946293944dfe4e5850dc07a21b703c3fcb87608163a82274ea9c08e85d180aab,,ff3-v6.3.2,,
3,164,164,2025-11-02T23:32:46+01:00,2025-11-02T23:32:46+01:00,,Withdrawal,CAD,-32.18,,,CAD,,,"Osmows w/ Rico",2025-10-11T17:32:00+02:00,"CIBC Costco Credit Card (Veronica)",,"Asset account",Takeout,,"Expense account",,,,,,,,,,,,,,,,,,,,,,,,,,5db1cbff9b37382e125a7d3f499eb94e0dbdccb028865bb431de59938c36a1d9,,ff3-v6.3.2,,
3,163,163,2025-11-02T23:32:28+01:00,2025-11-02T23:32:28+01:00,,Withdrawal,CAD,-16.94,,,CAD,,,"Cupid Boutique (Lube)",2025-10-11T17:32:00+02:00,"CIBC Costco Credit Card (Veronica)",,"Asset account","Household Expenses",,"Expense account",,,,,,,,,,,,,,,,,,,,,,,,,,774783ad70ff072b702b6e71e9124abc73c4311f8f98ee2b3be45d5dfdf6a7cf,,ff3-v6.3.2,,
3,162,162,2025-11-02T23:32:01+01:00,2025-11-02T23:32:01+01:00,,Withdrawal,CAD,-76.02,,,CAD,,,"Groceries at Costco",2025-10-11T17:31:00+02:00,"CIBC Costco Credit Card (Veronica)",,"Asset account",Groceries,,"Expense account",,,,,,,,,,,,,,,,,,,,,,,,,,4e3daa8f0ffbcc75bd93729d4e65be94e84eea8be472753d7067306fa3bcc629,,ff3-v6.3.2,,
3,135,135,2025-11-02T22:43:53+01:00,2025-11-02T22:43:53+01:00,,Deposit,CAD,441.38,,,CAD,,,Income,2025-10-10T16:43:00+02:00,"POLCU Job (Veronica)",,"Revenue account","Polish Credit Union (Veronica)",,"Asset account",,,,,,,,,,,,,,,,,,,,,,,,,,a74e307783438a0f291913ebc1801f3cc5eff14f48d667f84fcbcd51497c7e90,,ff3-v6.3.2,,
3,161,161,2025-11-02T23:31:40+01:00,2025-11-03T00:50:28+01:00,,Withdrawal,CAD,-3.85,,,CAD,,,"Parking (Honk)",2025-10-09T17:31:00+02:00,"CIBC Costco Credit Card (Veronica)",,"Asset account","Gas & Car Expenses",,"Expense account",,,"Parking Fees",,,,,,,,,,,,,,,,,,,,,,,67317d67c451915d7e9d9e83fcfab263462d2b724e549a08fd2d276471d716ef,,ff3-v6.3.2,,
3,134,134,2025-10-09T20:25:48+02:00,2025-10-09T20:25:48+02:00,,Transfer,CAD,183.52,,,CAD,,,"Bill Payment (CIBC CC)",2025-10-09T14:25:00+02:00,"Polish Credit Union (Veronica)",,"Asset account","CIBC Costco Credit Card (Veronica)",,"Asset account",,,,,,,,,,,,,,,,,,,,,,,,,,4916c76c697645b0d81827529795d439b0f30d89125554177b1272cd94d82aeb,,ff3-v6.3.2,,
3,143,143,2025-11-02T23:03:51+01:00,2025-11-02T23:03:51+01:00,,Withdrawal,CAD,-6.54,,,CAD,,,"Shoppers (CHG for bacne)",2025-10-07T17:03:00+02:00,"Collabria Credit Card (Veronica)",,"Asset account","Household Expenses",,"Expense account",,,,,,,,,,,,,,,,,,,,,,,,,,d834be44201d8a6911e0e29a98a8e74372bbcbbce5645095fb2ed744a5b3a136,,ff3-v6.3.2,,
3,132,132,2025-10-09T20:24:59+02:00,2025-11-03T00:50:40+01:00,,Withdrawal,CAD,-12.60,,,CAD,,,"Parking (Honk)",2025-10-07T14:24:00+02:00,"CIBC Costco Credit Card (Veronica)",,"Asset account","Gas & Car Expenses",,"Expense account",,,"Parking Fees",,,,,,,,,,,,,,,,,,,,,,,d1e550238e85103a7ee6ae24e499326233e22a91df51ec29ef179acc72b9562c,,ff3-v6.3.2,,
3,131,131,2025-10-07T03:48:02+02:00,2025-10-07T03:48:02+02:00,,Transfer,CAD,245.26,,,CAD,,,"Bill Payment (Collabria CC)",2025-10-06T21:47:00+02:00,"Polish Credit Union (Veronica)",,"Asset account","Collabria Credit Card (Veronica)",,"Asset account",,,,,,,,,,,,,,,,,,,,,,,,,,2e25ebe971673e6cfe75e0c61abcb57e972d5bcfc5e0da12fda8c505c7e4c306,,ff3-v6.3.2,,
3,130,130,2025-10-07T03:44:15+02:00,2025-11-03T00:15:26+01:00,,Withdrawal,CAD,-31.55,,,CAD,,,"Gas at Shell",2025-10-06T21:43:00+02:00,"CIBC Costco Credit Card (Veronica)",,"Asset account","Gas & Car Expenses",,"Expense account",,,"Gas & Car Maintenance",,,,,,,,,,,,,,,,,,,,,,,9d1914115e7d824f7392c3e20edf90d22702f2f29c2bc43226d0f66dca9c1eb7,,ff3-v6.3.2,,
3,103,103,2025-10-07T02:10:38+02:00,2025-10-07T02:10:38+02:00,,Withdrawal,USD,-13.87,,,CAD,,,"Quick Groceries",2025-10-06T20:09:00+02:00,"Omni CCU Checking (Rico)",,"Asset account","Cash account",,"Cash account",,Expenses,,,Expenses,,,,,,,,,,,,,,,,,,,,,8f5d51d8bfde0441a6467e0367f66251f9fc0dfef3e3448d1e0d102c976dfb81,,ff3-v6.3.2,,
3,102,102,2025-10-07T02:08:50+02:00,2025-10-07T02:08:50+02:00,,Deposit,USD,48.08,,,CAD,,,"McDonald's 1 Day Pay",2025-10-06T20:07:00+02:00,"Cash account",,"Cash account","Omni CCU Checking (Rico)",,"Asset account",,Income,,,Income,,,,,,,,,,,,,,,,,,,,,1631cf9bf3972c9681ee5abffc7b2affa7909d1a8b1cbd7cc13271b6f442108d,,ff3-v6.3.2,,
3,101,101,2025-10-07T02:06:25+02:00,2025-10-07T02:06:52+02:00,,Withdrawal,USD,-28.84,,,CAD,,,"Discount Hobby (Comic + MTG Binder)",2025-10-06T20:04:00+02:00,"Omni CCU Checking (Rico)",,"Asset account","Cash account",,"Cash account",,,,,,,,,,,,,,,,,,,,,,,,,,7a0f4d7d962da42935e716c4ed66229ac819fd94b228f7279bdc515e31def72b,,ff3-v6.3.2,,
3,128,128,2025-10-07T03:43:20+02:00,2025-11-03T00:46:20+01:00,,Withdrawal,CAD,-48.48,,,CAD,,,"Kenzo Ramen w Arin & Marta",2025-10-05T21:42:00+02:00,"CIBC Costco Credit Card (Veronica)",,"Asset account","Recreational Spending",,"Expense account",,,"Recreational Spending",,,,,,,,,,,,,,,,,,,,,,,7f56265bc3fb8033aa454777c8f738cca54431f8c3e3664efbd3bc30eb0d1e53,,ff3-v6.3.2,,
3,127,127,2025-10-07T03:42:41+02:00,2025-11-03T00:46:25+01:00,,Withdrawal,CAD,-32.48,,,CAD,,,"Ludology Board Game Cafe w Arin & Marta",2025-10-05T21:42:00+02:00,"CIBC Costco Credit Card (Veronica)",,"Asset account","Recreational Spending",,"Expense account",,,"Recreational Spending",,,,,,,,,,,,,,,,,,,,,,,e8ea03f7a934a8291de90f42e45cf2fc7240274a5394ad5c6005f00292245763,,ff3-v6.3.2,,
3,122,122,2025-10-07T03:32:20+02:00,2025-10-07T03:32:20+02:00,,Withdrawal,CAD,-12.44,,,CAD,,,"Milk + Arin's Ice Cream",2025-10-05T21:31:00+02:00,"Collabria Credit Card (Veronica)",,"Asset account","Household Expenses",,"Expense account",,,,,,"(Milk for home, ice cream cause Arin needed to eat some fat)",,,,,,,,,,,,,,,,,,,,f1171dc1171ef28b56b862f22fae50b837382525dc580ba39c72bb6390b4f555,,ff3-v6.3.2,,
3,121,121,2025-10-07T03:31:29+02:00,2025-11-03T00:46:30+01:00,,Withdrawal,CAD,-15.81,,,CAD,,,"Store (forgot; smth in St Catharines w Arin & Marta)",2025-10-05T21:31:00+02:00,"Collabria Credit Card (Veronica)",,"Asset account","Recreational Spending",,"Expense account",,,"Recreational Spending",,,,,,,,,,,,,,,,,,,,,,,abbf1d49798a66711c902f700f81682df310bf457fa13d66503ff6d1aacfd05b,,ff3-v6.3.2,,
3,120,120,2025-10-07T03:30:36+02:00,2025-11-03T00:46:54+01:00,,Withdrawal,CAD,-10.00,,,CAD,,,"GO Weekend Pass",2025-10-05T21:29:00+02:00,"Collabria Credit Card (Veronica)",,"Asset account","Misc. Transport Expenses",,"Expense account",,,"Recreational Spending",,,"Shows as Metrolinx",,,,,,,,,,,,,,,,,,,,c65b2b8ca15ed4c964a388c9f96da535144643ba90caf54b06d07b94c47bdc9f,,ff3-v6.3.2,,
3,129,129,2025-10-07T03:43:55+02:00,2025-10-07T03:43:55+02:00,,Withdrawal,CAD,-24.51,,,CAD,,,"Gas at Shell (for Arin)",2025-10-05T17:43:00+02:00,"CIBC Costco Credit Card (Veronica)",,"Asset account",Gift,,"Expense account",,,,,,,,,,,,,,,,,,,,,,,,,,3dabdf834b473a73c1938a5b212b8af42d795b159518b7c382832b7c7ca21ff2,,ff3-v6.3.2,,
3,119,119,2025-10-07T03:29:53+02:00,2025-10-07T03:29:53+02:00,,Withdrawal,CAD,-31.37,,,CAD,,,"Doordash for Rico",2025-10-04T21:29:00+02:00,"Collabria Credit Card (Veronica)",,"Asset account","Household Expenses",,"Expense account",,,,,,"(Put as household expenses because Rico was feeling sick)",,,,,,,,,,,,,,,,,,,,c7f6f26a3bdbaa2eba81e7a812a2bf8d3fd4bd86fa39b8ef984206ca203a6531,,ff3-v6.3.2,,
3,118,118,2025-10-07T03:29:10+02:00,2025-10-07T03:29:10+02:00,,Withdrawal,CAD,-0.78,,,CAD,,,"Foreign Transaction Fee (Doordash)",2025-10-04T21:28:00+02:00,"Collabria Credit Card (Veronica)",,"Asset account",Takeout,,"Expense account",,,,,,,,,,,,,,,,,,,,,,,,,,14efc5f76674c62606088df01a0f6190808498295fe0d5ca542ced401f79c641,,ff3-v6.3.2,,
3,126,126,2025-10-07T03:42:15+02:00,2025-11-03T00:50:53+01:00,,Withdrawal,CAD,-3.85,,,CAD,,,"Parking (Honk)",2025-10-02T21:41:00+02:00,"CIBC Costco Credit Card (Veronica)",,"Asset account","Gas & Car Expenses",,"Expense account",,,"Parking Fees",,,,,,,,,,,,,,,,,,,,,,,3091b23e0e9b9bbb404487fdc35d22c0d8c70f3f1fe468d590840f94c5ed0582,,ff3-v6.3.2,,
3,189,189,2025-11-03T01:30:02+01:00,2025-11-03T01:30:02+01:00,,Withdrawal,CAD,-36.70,,,CAD,,,"Textbook (FRAN 4805)",2025-10-01T19:29:00+02:00,"TD Bank (Veronica)",,"Asset account","School Expenses",,"Expense account",,,,,,,,,,,,,,,,,,,,,,,,,,7c8dd4d93abb06b9c455f4fcb53b1917d61a6ad7df8155491484ea7199bee8a1,,ff3-v6.3.2,,
3,125,125,2025-10-07T03:41:38+02:00,2025-11-03T00:50:58+01:00,,Withdrawal,CAD,-15.35,,,CAD,,,"Parking (Honk)",2025-09-30T21:41:00+02:00,"CIBC Costco Credit Card (Veronica)",,"Asset account","Gas & Car Expenses",,"Expense account",,,"Parking Fees",,,,,,,,,,,,,,,,,,,,,,,ba9a0f060f6038ff6b247aff4b7a0690fd9202a430ef15317ffde958246fe2d4,,ff3-v6.3.2,,
3,117,117,2025-10-07T03:28:43+02:00,2025-10-07T03:28:43+02:00,,Withdrawal,CAD,-25.25,,,CAD,,,"Laundry Card Top-up",2025-09-30T21:28:00+02:00,"Collabria Credit Card (Veronica)",,"Asset account","Household Expenses",,"Expense account",,,,,,,,,,,,,,,,,,,,,,,,,,62f19e4d04f5eb7cdec0bd8d29b4b52dc1e83892141c2881dc58c1ee805d082a,,ff3-v6.3.2,,
3,116,116,2025-10-07T03:28:18+02:00,2025-10-07T03:28:18+02:00,,Withdrawal,CAD,-6.49,,,CAD,,,"Meds (Wellbutrin Refill)",2025-09-30T21:27:00+02:00,"Collabria Credit Card (Veronica)",,"Asset account","Medical Expenses",,"Expense account",,,,,,,,,,,,,,,,,,,,,,,,,,72d015734beb9325eb09ea7c7f1bb70102f93de3b6ab9a424f227b109946feb4,,ff3-v6.3.2,,
3,115,115,2025-10-07T03:27:47+02:00,2025-10-07T03:27:47+02:00,,Withdrawal,CAD,-6.77,,,CAD,,,"Food (wrap) from Glendon Cafeteria",2025-09-30T21:26:00+02:00,"Collabria Credit Card (Veronica)",,"Asset account",Takeout,,"Expense account",,,,,,"shows as chartwells on statement",,,,,,,,,,,,,,,,,,,,2c37bd5b86c82ab47008ebb1aa7f69438690481f1832911d36c2d5fa9c426780,,ff3-v6.3.2,,
3,114,114,2025-10-07T03:26:10+02:00,2025-10-07T03:26:10+02:00,,Withdrawal,CAD,-16.95,,,CAD,,,"Fizz (Phone Bill)",2025-09-30T21:25:00+02:00,"Collabria Credit Card (Veronica)",,"Asset account","Household Expenses",,"Expense account",,,,,,,,,,,,,,,,,,,,,,,,,,5f8fb29a1cf0291dacbc358ce66d5139f13bb30aeb66f407f775a9e2d0e76ecd,,ff3-v6.3.2,,
3,108,108,2025-10-07T02:50:42+02:00,2025-10-07T02:50:42+02:00,,Deposit,CAD,0.12,,,CAD,,,"Savings Acct Interest from POLCU",2025-09-30T20:50:00+02:00,Interest,,"Revenue account","Polish Credit Union (Veronica)",,"Asset account",,,,,,,,,,,,,,,,,,,,,,,,,,8442658d95c40a1b3887a57ae68d22c2a510051c81096eaeec26a5b44683a68d,,ff3-v6.3.2,,
3,188,188,2025-11-03T01:29:17+01:00,2025-11-03T01:29:17+01:00,,Deposit,CAD,0.03,,,CAD,,,"Savings Acct Interest from TD",2025-09-29T19:28:00+02:00,Interest,,"Revenue account","TD Bank (Veronica)",,"Asset account",,,,,,,,,,,,,,,,,,,,,,,,,,84b1c86758b1de31fa2cf7cf03676a6fce183c8d115890963aaf71ddec9de686,,ff3-v6.3.2,,
3,113,113,2025-10-07T03:25:30+02:00,2025-10-07T03:25:30+02:00,,Withdrawal,CAD,-7.33,,,CAD,,,"Steam (PlateUp)",2025-09-28T21:25:00+02:00,"Collabria Credit Card (Veronica)",,"Asset account","Recreational Spending",,"Expense account",,,,,,,,,,,,,,,,,,,,,,,,,,6eb4d0aa9355a3f74899748289ad191908e927d1ea9f5e74b3fb326f2b70d199,,ff3-v6.3.2,,
3,107,107,2025-10-07T02:50:12+02:00,2025-10-07T02:50:12+02:00,,Withdrawal,CAD,-50.00,,,CAD,,,"Exchange (etrs for cash)",2025-09-26T20:49:00+02:00,"Polish Credit Union (Veronica)",,"Asset account",Mama,,"Expense account",,,,,,"Mama asked for a $50 etrs for $50 cash",,,,,,,,,,,,,,,,,,,,966c22eab2f5b8cd8aeaaa675f2b4a772c7fb9480b0dcfd1ce8af2ab50f3a075,,ff3-v6.3.2,,
3,106,106,2025-10-07T02:49:05+02:00,2025-10-07T02:49:05+02:00,,Deposit,CAD,480.52,,,CAD,,,Income,2025-09-26T20:48:00+02:00,"POLCU Job (Veronica)",,"Revenue account","Polish Credit Union (Veronica)",,"Asset account",,,,,,,,,,,,,,,,,,,,,,,,,,4835f6bd6869fdf54ccf0237c8bbabdd43caba91cb892e99ed47c91b80537096,,ff3-v6.3.2,,
3,105,105,2025-10-07T02:44:43+02:00,2025-10-07T02:45:03+02:00,,Deposit,CAD,437.05,,,CAD,,,"Income (Ratification Bonus)",2025-09-26T20:43:00+02:00,"POLCU Job (Veronica)",,"Revenue account","Polish Credit Union (Veronica)",,"Asset account",,,,,,"$500 ($29.75 to govt pen, $8.20 to ei cont, $25 to caat pen)",,,,,,,,,,,,,,,,,,,,2e309a96464029de26b2f080ee49e3b063c511bcdf165cedfee8bed35dd7cfc8,,ff3-v6.3.2,,
3,104,104,2025-10-07T02:43:08+02:00,2025-10-07T02:48:23+02:00,,Deposit,CAD,290.18,,,CAD,,,"Income (Ratification Pay Change)",2025-09-26T20:42:00+02:00,"POLCU Job (Veronica)",,"Revenue account","Polish Credit Union (Veronica)",,"Asset account",,,,,,"Compensation for pay change from March 17, 2025 (contract expiry) until now)",,,,,,,,,,,,,,,,,,,,55551148cd5743c692cd6edff7fb56ef8500849f79695bffa5aad098c6e7bc89,,ff3-v6.3.2,,
3,124,124,2025-10-07T03:40:54+02:00,2025-11-03T00:51:03+01:00,,Withdrawal,CAD,-10.85,,,CAD,,,"Parking (Honk)",2025-09-25T21:40:00+02:00,"CIBC Costco Credit Card (Veronica)",,"Asset account","Gas & Car Expenses",,"Expense account",,,"Parking Fees",,,,,,,,,,,,,,,,,,,,,,,2e7cdff30497c043cc81e32aa3739b1dce52fd3cf60e15020986a64a099b0954,,ff3-v6.3.2,,
3,112,112,2025-10-07T03:25:09+02:00,2025-10-07T03:25:09+02:00,,Withdrawal,CAD,-24.86,,,CAD,,,"Sake Sushi (for Daniel)",2025-09-25T21:24:00+02:00,"Collabria Credit Card (Veronica)",,"Asset account",Gift,,"Expense account",,,,,,"I told him not to worry abt it, ill cover it)",,,,,,,,,,,,,,,,,,,,644ac6f0e6216d90272c13759a13ae60d874706a700ba61875f5109f250b4f18,,ff3-v6.3.2,,
3,111,111,2025-10-07T03:24:33+02:00,2025-10-07T03:24:33+02:00,,Withdrawal,CAD,-41.81,,,CAD,,,"Sake Sushi w/ Oliwia!",2025-09-25T21:24:00+02:00,"Collabria Credit Card (Veronica)",,"Asset account",Takeout,,"Expense account",,,,,,,,,,,,,,,,,,,,,,,,,,67844cb8f7c45256eace412d1e82acc64bfa32f0a14f74c1a97bf7135876fc64,,ff3-v6.3.2,,
3,110,110,2025-10-07T03:24:00+02:00,2025-11-03T00:16:59+01:00,,Withdrawal,CAD,-40.00,,,CAD,,,"Gas at Shell",2025-09-25T21:23:00+02:00,"Collabria Credit Card (Veronica)",,"Asset account","Gas & Car Expenses",,"Expense account",,,"Gas & Car Maintenance",,,,,,,,,,,,,,,,,,,,,,,f5ce131defdc21ab6d3218bfe775f13ce8a1f7359ba3af542ae13ed3ada19609,,ff3-v6.3.2,,
3,109,109,2025-10-07T03:23:37+02:00,2025-10-07T03:23:37+02:00,,Withdrawal,CAD,-5.40,,,CAD,,,"New Phone Charger",2025-09-25T21:22:00+02:00,"Collabria Credit Card (Veronica)",,"Asset account","Household Expenses",,"Expense account",,,,,,,,,,,,,,,,,,,,,,,,,,4a7817ad03a955917235650cc849719cd83e6baef40a9fab16c841e26e7556b1,,ff3-v6.3.2,,
3,95,95,2025-09-25T20:16:27+02:00,2025-11-03T00:17:06+01:00,,Withdrawal,CAD,-13.22,,,CAD,,,"Gas at Shell",2025-09-25T14:16:00+02:00,"CIBC Costco Credit Card (Veronica)",,"Asset account","Gas & Car Expenses",,"Expense account",,,"Gas & Car Maintenance",,,,,,,,,,,,,,,,,,,,,,,8a7373c9d570ec5a0a76d905009717bf4124d9620b0ae41c21cc3f0172b4a628,,ff3-v6.3.2,,
3,94,94,2025-09-25T20:16:09+02:00,2025-11-03T00:51:11+01:00,,Withdrawal,CAD,-3.85,,,CAD,,,"Parking (Honk)",2025-09-25T14:15:00+02:00,"CIBC Costco Credit Card (Veronica)",,"Asset account","Gas & Car Expenses",,"Expense account",,,"Parking Fees",,,,,,,,,,,,,,,,,,,,,,,75dd34427e7c7ece11bab24bf93e06fc34e97e48a9e9296fdc976e6ddcd02a90,,ff3-v6.3.2,,
3,87,87,2025-09-25T20:11:26+02:00,2025-09-25T20:11:26+02:00,,Deposit,CAD,261.00,,,CAD,,,"Tata returning dentist cost from insurance (see CIBC CC)",2025-09-25T14:10:00+02:00,"Tata (Dad)",,"Revenue account","Polish Credit Union (Veronica)",,"Asset account",,,,,,,,,,,,,,,,,,,,,,,,,,0c55e4f29b7b178b061637354990c94e88a90ea0fc9049bbf91ba6db191131f8,,ff3-v6.3.2,,
3,86,86,2025-09-25T20:10:53+02:00,2025-09-25T20:10:53+02:00,,Transfer,CAD,424.15,,,CAD,,,"Bill Payment (CIBC CC)",2025-09-25T14:10:00+02:00,"Polish Credit Union (Veronica)",,"Asset account","CIBC Costco Credit Card (Veronica)",,"Asset account",,,,,,,,,,,,,,,,,,,,,,,,,,0fa91c84efaf910a373c34d4edd64083498f6c87e9bb044c1f0ba39a06e97ff2,,ff3-v6.3.2,,
3,85,85,2025-09-25T20:10:37+02:00,2025-09-25T20:10:37+02:00,,Transfer,CAD,65.52,,,CAD,,,"Bill Payment (Collabria CC)",2025-09-25T14:09:00+02:00,"Polish Credit Union (Veronica)",,"Asset account","Collabria Credit Card (Veronica)",,"Asset account",,,,,,,,,,,,,,,,,,,,,,,,,,54c87b4a129089dd233106e0913c75a1e8af9eff82603f60e66c2a50fb19ff8f,,ff3-v6.3.2,,
3,84,84,2025-09-25T20:09:44+02:00,2025-09-25T20:09:44+02:00,,Deposit,CAD,30.91,,,CAD,,,"Ontario Trillium Benefit",2025-09-25T14:09:00+02:00,Government,,"Revenue account","Polish Credit Union (Veronica)",,"Asset account",,,,,,,,,,,,,,,,,,,,,,,,,,45d2e6cdb238c881988212447f51b2170c22aa47b1c8f3f2f800a0ae7433555f,,ff3-v6.3.2,,
3,83,83,2025-09-25T20:08:59+02:00,2025-09-25T20:09:14+02:00,,Withdrawal,CAD,-9.05,,,CAD,,,"Paying Arin back for Chicha TGTG (boba)",2025-09-24T14:08:00+02:00,"Polish Credit Union (Veronica)",,"Asset account",Arin,,"Expense account",,,,,,,,,,,,,,,,,,,,,,,,,,315557da74ca9c5ea406332277ba2075c7e999e009e8208bc40ba60a4439326d,,ff3-v6.3.2,,
3,100,100,2025-09-25T20:26:23+02:00,2025-09-25T20:26:23+02:00,,Withdrawal,CAD,-60.85,,,CAD,,,"Textbook (FRAN 4805)",2025-09-23T14:25:00+02:00,"TD Bank (Veronica)",,"Asset account","School Expenses",,"Expense account",,,,,,,,,,,,,,,,,,,,,,,,,,a3063a6b81ff10094fb58a04d38b9a9be5a2e16c1e930152d6ced37d854cce57,,ff3-v6.3.2,,
3,93,93,2025-09-25T20:15:53+02:00,2025-11-03T00:51:16+01:00,,Withdrawal,CAD,-10.85,,,CAD,,,"Parking (Honk)",2025-09-23T14:15:00+02:00,"CIBC Costco Credit Card (Veronica)",,"Asset account","Gas & Car Expenses",,"Expense account",,,"Parking Fees",,,,,,,,,,,,,,,,,,,,,,,84281b1a70f8031ec1e6c2a894ed06c92d09d038295d1e6972bfc57beef6ff54,,ff3-v6.3.2,,
3,99,99,2025-09-25T20:22:23+02:00,2025-09-25T20:22:23+02:00,,Withdrawal,CAD,-123.95,,,CAD,,,"Flixbus Tickets (Rico coming over on reading week)",2025-09-21T14:21:00+02:00,"Collabria Credit Card (Veronica)",,"Asset account","Recreational Spending",,"Expense account",,,,,,,,,,,,,,,,,,,,,,,,,,0a5bbb42b708f99676dea7126ec2c359f14c47c80f65fbff1b79c238bc2aff51,,ff3-v6.3.2,,
3,92,92,2025-09-25T20:15:33+02:00,2025-09-25T20:15:33+02:00,,Withdrawal,CAD,-6.78,,,CAD,,,"Taco 101 (Horchata at Kensington w Jan & Oli)",2025-09-21T14:14:00+02:00,"CIBC Costco Credit Card (Veronica)",,"Asset account","Recreational Spending",,"Expense account",,,,,,,,,,,,,,,,,,,,,,,,,,49bedba47084e687c53f688ba9dea8500518383fe0413a838f7e67725c6f3e70,,ff3-v6.3.2,,
3,91,91,2025-09-25T20:14:44+02:00,2025-09-25T20:14:44+02:00,,Withdrawal,CAD,-29.98,,,CAD,,,"Groceries for Jan hangout + $10 gift card for man outside store",2025-09-21T14:14:00+02:00,"CIBC Costco Credit Card (Veronica)",,"Asset account",Groceries,,"Expense account",,,,,,,,,,,,,,,,,,,,,,,,,,2504edce2d09f798161d90d7d7e3dcc08da2257af1c3ecd9ac127d156e921403,,ff3-v6.3.2,,
3,90,90,2025-09-25T20:14:01+02:00,2025-09-25T20:14:01+02:00,,Withdrawal,CAD,-261.00,,,CAD,,,"Dentist Cleaning Appt",2025-09-20T14:12:00+02:00,"CIBC Costco Credit Card (Veronica)",,"Asset account","Household Expenses",,"Expense account",,,,,,"(Tata will send to insurance, insurance will reimburse; in the meantime, he paid me back in an etrs; see Sept 25)",,,,,,,,,,,,,,,,,,,,eaab6306d539e3f156506418e7ae4d7e40077fa58e09d5200cb79a3ba92fd993,,ff3-v6.3.2,,
3,82,82,2025-09-25T20:08:27+02:00,2025-09-25T20:08:27+02:00,,Withdrawal,CAD,-22.00,,,CAD,,,"Paying part of internet bill",2025-09-20T14:07:00+02:00,"Polish Credit Union (Veronica)",,"Asset account",Mama,,"Expense account",,,,,,,,,,,,,,,,,,,,,,,,,,2a60343defbbbde62451a026a84f1168a25e8b3267404f265572400534c15fd6,,ff3-v6.3.2,,
3,98,98,2025-09-25T20:21:07+02:00,2025-09-25T20:21:07+02:00,,Withdrawal,CAD,-16.34,,,CAD,,,"Groceries at No Frills (Oli & Jan hangout)",2025-09-19T14:20:00+02:00,"Collabria Credit Card (Veronica)",,"Asset account",Groceries,,"Expense account",,,,,,,,,,,,,,,,,,,,,,,,,,11622626ac59de6d3920e593ccab2e3982d534c6cfca5997b03b23351db0afbd,,ff3-v6.3.2,,
3,97,97,2025-09-25T20:20:41+02:00,2025-11-03T00:18:28+01:00,,Withdrawal,CAD,-45.37,,,CAD,,,"Gas at Shell",2025-09-17T14:20:00+02:00,"Collabria Credit Card (Veronica)",,"Asset account","Gas & Car Expenses",,"Expense account",,,"Gas & Car Maintenance",,,,,,,,,,,,,,,,,,,,,,,0a951964aafcbad351e069d5fe800c389efdebadd7883c36ea6ec8500ac76616,,ff3-v6.3.2,,
3,96,96,2025-09-25T20:20:22+02:00,2025-11-03T00:18:36+01:00,,Withdrawal,CAD,-10.00,,,CAD,,,"Gas at Petro-Canada",2025-09-17T14:19:00+02:00,"Collabria Credit Card (Veronica)",,"Asset account","Gas & Car Expenses",,"Expense account",,,"Gas & Car Maintenance",,,,,,,,,,,,,,,,,,,,,,,ed00093920567c5a6643ef5474189ff95095fe13c7bd586ad2808ea7e69ecfba,,ff3-v6.3.2,,
3,81,81,2025-09-25T20:07:51+02:00,2025-09-25T20:07:51+02:00,,Withdrawal,CAD,-46.32,,,CAD,,,"Paypal transfer to Rico (hangout food)",2025-09-17T14:07:00+02:00,"Polish Credit Union (Veronica)",,"Asset account",Takeout,,"Expense account",,,,,,,,,,,,,,,,,,,,,,,,,,652ccc452049bcee943a43151119daf34bf02c9cf1268be4f951278fcb31337d,,ff3-v6.3.2,,
3,89,89,2025-09-25T20:12:56+02:00,2025-11-03T00:51:25+01:00,,Withdrawal,CAD,-10.35,,,CAD,,,"Parking (Honk)",2025-09-16T14:12:00+02:00,"CIBC Costco Credit Card (Veronica)",,"Asset account","Gas & Car Expenses",,"Expense account",,,"Parking Fees",,,,,,,,,,,,,,,,,,,,,,,268d476f5db1cf90b75f674a577e826f7c5b7f665a421a6edd4e7c2bec5a7313,,ff3-v6.3.2,,
3,80,80,2025-09-25T20:06:45+02:00,2025-09-25T20:07:01+02:00,,Withdrawal,CAD,-20.00,,,CAD,,,"ATM WITHD (DUCA) for Kijiji blanket + laundry hampers",2025-09-14T14:04:00+02:00,"Polish Credit Union (Veronica)",,"Asset account","Household Expenses",,"Expense account",,,,,,,,,,,,,,,,,,,,,,,,,,398048fed31e1448b5300c07922983c9d073eb05f360328c05cf6ef2fdf2809b,,ff3-v6.3.2,,
3,65,65,2025-09-13T01:38:52+02:00,2025-09-13T01:38:52+02:00,,Withdrawal,CAD,-500.00,,,CAD,,,Rent,2025-09-12T19:38:00+02:00,"Polish Credit Union (Veronica)",,"Asset account",Mama,,"Expense account",,,,,,,,,,,,,,,,,,,,,,,,,,8f584991fd9c07e3b7a85aa058107a542cc0d0454653541eb0da9cd47b4e1742,,ff3-v6.3.2,,
3,64,64,2025-09-13T01:38:29+02:00,2025-09-13T01:38:29+02:00,,Deposit,CAD,623.39,,,CAD,,,Income,2025-09-12T19:37:00+02:00,"POLCU Job (Veronica)",,"Revenue account","Polish Credit Union (Veronica)",,"Asset account",,,,,,,,,,,,,,,,,,,,,,,,,,e52c8a072c0cd1b48474d856c309371cafd9e9432e4613db276b8edc939fd85d,,ff3-v6.3.2,,
3,123,123,2025-10-07T03:34:56+02:00,2025-10-07T03:34:56+02:00,,Withdrawal,CAD,-0.85,,,CAD,,,"Foreign Transaction Fee (Not Shown on Acct - from Doordash)",2025-09-11T21:33:00+02:00,"Collabria Credit Card (Veronica)",,"Asset account",Takeout,,"Expense account",,,,,,"see Sept 11 on Collabria statement; doordash also isnt showing?",,,,,,,,,,,,,,,,,,,,b1b154ca48e37016e49968c5daf82459bb643d8aa3475362ff8699ec88b81bb7,,ff3-v6.3.2,,
3,70,70,2025-09-13T01:48:36+02:00,2025-09-13T01:48:36+02:00,,Withdrawal,CAD,-34.36,,,CAD,,,"Doordash for Rico",2025-09-11T19:48:00+02:00,"Collabria Credit Card (Veronica)",,"Asset account",Takeout,,"Expense account",,,,,,,,,,,,,,,,,,,,,,,,,,56a4b4772a74ce216b44559d6cf2762e7284da7491c087f9b7caebc1ac4d0420,,ff3-v6.3.2,,
3,88,88,2025-09-25T20:12:32+02:00,2025-11-03T00:51:30+01:00,,Withdrawal,CAD,-12.60,,,CAD,,,"Parking (Honk)",2025-09-11T14:12:00+02:00,"CIBC Costco Credit Card (Veronica)",,"Asset account","Gas & Car Expenses",,"Expense account",,,"Parking Fees",,,,,,,,,,,,,,,,,,,,,,,8cb5486e34796b64bebc960898983ced42144fc417fba26bcb0bdbeb5324bdaa,,ff3-v6.3.2,,
3,76,76,2025-09-13T01:59:18+02:00,2025-09-13T01:59:18+02:00,,Deposit,CAD,3065.44,,,CAD,,,"OSAP Loan 2025",2025-09-10T19:58:00+02:00,"OSAP Loan",,"Revenue account","TD Bank (Veronica)",,"Asset account",,,,,,,,,,,,,,,,,,,,,,,,,,a00cda4a8bc65d0c9f292c36cc47d88e099d0838396ebb49e3f9addb0a30a222,,ff3-v6.3.2,,
3,75,75,2025-09-13T01:58:41+02:00,2025-09-13T01:58:41+02:00,,Deposit,CAD,425.00,,,CAD,,,"OSAP Grant 2025 (leftover)",2025-09-10T19:57:00+02:00,"OSAP Grant",,"Revenue account","TD Bank (Veronica)",,"Asset account",,,,,,,,,,,,,,,,,,,,,,,,,,6b93cf9ffefe97866d3af8ec0f4e45f2f671d7f6da7eee5cda9c56d17ebcd7a9,,ff3-v6.3.2,,
3,69,69,2025-09-13T01:48:07+02:00,2025-09-13T01:48:07+02:00,,Withdrawal,CAD,-6.76,,,CAD,,,"Wisla Lunch",2025-09-10T19:47:00+02:00,"Collabria Credit Card (Veronica)",,"Asset account",Takeout,,"Expense account",,,,,,,,,,,,,,,,,,,,,,,,,,ea7b787de36b425c06bf40be4bff93b4bd9034f3565c4617fcfc5670349e3545,,ff3-v6.3.2,,
3,73,73,2025-09-13T01:55:32+02:00,2025-11-03T00:51:36+01:00,,Withdrawal,CAD,-15.35,,,CAD,,,"Parking (Honk)",2025-09-09T19:55:00+02:00,"CIBC Costco Credit Card (Veronica)",,"Asset account","Gas & Car Expenses",,"Expense account",,,"Parking Fees",,,,,,,,,,,,,,,,,,,,,,,b3a574eb863618468b02fdef8003ebb466c5a05cad903c183400ad7dbbc1f410,,ff3-v6.3.2,,
3,72,72,2025-09-13T01:55:02+02:00,2025-09-13T01:55:02+02:00,,Withdrawal,CAD,-13.55,,,CAD,,,"Takeout for Dan (see desc)",2025-09-09T19:53:00+02:00,"CIBC Costco Credit Card (Veronica)",,"Asset account",Daniel,,"Expense account",,,,,,"Tata reimbursed me in that $50 for food, when he sent that $600 this month.",,,,,,,,,,,,,,,,,,,,dc564c1cb11831b2f6d2303db6fd562dd0a1686182e10da836d200bb117a8d4a,,ff3-v6.3.2,,
3,68,68,2025-09-13T01:47:38+02:00,2025-09-13T01:47:38+02:00,,Withdrawal,CAD,-10.38,,,CAD,,,"Subway Lunch (used coupon)",2025-09-09T19:47:00+02:00,"Collabria Credit Card (Veronica)",,"Asset account",Takeout,,"Expense account",,,,,,,,,,,,,,,,,,,,,,,,,,471ce590f379a397dfb3b1c96fa73e3c5f51d80bb34d73061d0c94b31fe7d9d2,,ff3-v6.3.2,,
3,63,63,2025-09-13T01:37:55+02:00,2025-09-13T01:37:55+02:00,,Withdrawal,CAD,-50.00,,,CAD,,,"Money back for food",2025-09-09T19:37:00+02:00,"Polish Credit Union (Veronica)",,"Asset account",Daniel,,"Expense account",,,,,,,,,,,,,,,,,,,,,,,,,,98dfc5012e7d6622b653fcf37b36688cd70f8803967ec05ddcf2048e7182d21c,,ff3-v6.3.2,,
3,62,62,2025-09-13T01:37:16+02:00,2025-09-13T01:37:16+02:00,,Deposit,CAD,600.00,,,CAD,,,"Rent to pay Mama + Money back for food",2025-09-09T19:36:00+02:00,"Tata (Dad)",,"Revenue account","Polish Credit Union (Veronica)",,"Asset account",,,,,,,,,,,,,,,,,,,,,,,,,,aa27375dcbad36dbbac7812ed117ad415fb78aaec85fd0bfd3e7bec3b3fab573,,ff3-v6.3.2,,
3,78,78,2025-09-13T02:10:12+02:00,2025-09-13T02:10:12+02:00,,Withdrawal,CAD,-4079.00,,,CAD,,,"OSAP Federal Loan",2025-09-05T20:08:00+02:00,"OSAP (Federal)",,Loan,Tuition,,"Expense account",,,,,,,,,,,,,,,,,,,,,,,,,,c6e7b04142847402187f178a72eab1b3e650763763537a98bc9f88a5b2be7766,,ff3-v6.3.2,,
3,71,71,2025-09-13T01:53:22+02:00,2025-09-13T01:53:22+02:00,,Withdrawal,CAD,-46.62,,,CAD,,,"Mouse for Rico (eBay)",2025-09-05T19:52:00+02:00,"CIBC Costco Credit Card (Veronica)",,"Asset account",Gift,,"Expense account",,,,,,,,,,,,,,,,,,,,,,,,,,31b121b04122a0a4ba7129d80261fb0f6350b55dab1815e5a0329f1defc80809,,ff3-v6.3.2,,
3,67,67,2025-09-13T01:46:33+02:00,2025-09-13T01:47:06+02:00,,Withdrawal,CAD,-9.57,,,CAD,,,"Groceries at Freshco",2025-09-05T19:46:00+02:00,"Collabria Credit Card (Veronica)",,"Asset account",Groceries,,"Expense account",,,,,,,,,,,,,,,,,,,,,,,,,,90042c77b76d0551731fc20d26a64c15e6a5d1a6ecb0f191dc3c8298a170de60,,ff3-v6.3.2,,
3,60,60,2025-09-04T20:13:03+02:00,2025-09-04T20:13:03+02:00,,Transfer,CAD,286.00,,,CAD,,,"Bill Payment (CIBC CC)",2025-09-04T14:12:00+02:00,"Polish Credit Union (Veronica)",,"Asset account","CIBC Costco Credit Card (Veronica)",,"Asset account",,,,,,,,,,,,,,,,,,,,,,,,,,8779f0abc1a7388980942d90c5b79168e3179ae81b55ab73ea2ab294e1e9c4f2,,ff3-v6.3.2,,
3,66,66,2025-09-13T01:45:20+02:00,2025-09-13T01:45:20+02:00,,Deposit,CAD,192.06,,,CAD,,,"Craftsy Membership Refund",2025-09-02T19:44:00+02:00,Refund,,"Revenue account","Collabria Credit Card (Veronica)",,"Asset account",,,,,,,,,,,,,,,,,,,,,,,,,,33e3d117592117c43acedf97a0517e18d3431e4eb1f447c6a7c45e44b8908018,,ff3-v6.3.2,,
3,61,61,2025-09-04T20:14:38+02:00,2025-09-04T20:14:38+02:00,,Deposit,CAD,0.08,,,CAD,,,"Savings Acct Interest from POLCU",2025-08-31T14:14:00+02:00,Interest,,"Revenue account","Polish Credit Union (Veronica)",,"Asset account",,,,,,,,,,,,,,,,,,,,,,,,,,449cd01d0e3adcb9c06a2f7b64fdab4e1d6ae23dcbc5ce88e1ccbf252210f00e,,ff3-v6.3.2,,
3,59,59,2025-09-04T20:12:25+02:00,2025-09-04T20:12:25+02:00,,Withdrawal,CAD,-4.49,,,CAD,,,"Bought Broccoli at Freshco",2025-08-30T14:11:00+02:00,"CIBC Costco Credit Card (Veronica)",,"Asset account",Groceries,,"Expense account",,,,,,,,,,,,,,,,,,,,,,,,,,5a8a7c9d4e9c6ce53dbd5ad1d5c3de37c2532bf4e3c7c0bad3abe2b51a53d809,,ff3-v6.3.2,,
3,57,57,2025-08-30T05:37:09+02:00,2025-08-30T05:37:09+02:00,,Deposit,CAD,25.00,,,CAD,,,"Tata's Returned Phone Plan (+ Coffee Money)",2025-08-29T23:35:00+02:00,Family,,"Revenue account","Polish Credit Union (Veronica)",,"Asset account",,,,,,,,,,,,,,,,,,,,,,,,,,36d10cff8f4dc6bcfe54a2cc377eb8542ad256e357499d9c7371072fbceaf762,,ff3-v6.3.2,,
3,56,56,2025-08-30T05:35:37+02:00,2025-08-30T05:35:37+02:00,,Transfer,CAD,375.44,,,CAD,,,"Bill Payment (Collabria CC)",2025-08-29T23:35:00+02:00,"Polish Credit Union (Veronica)",,"Asset account","Collabria Credit Card (Veronica)",,"Asset account",,,,,,,,,,,,,,,,,,,,,,,,,,c9ec9fb6b3100e96773938ace58a83b2387bd35b602c645ffcde1b3eef4c5110,,ff3-v6.3.2,,
3,55,55,2025-08-30T05:35:03+02:00,2025-08-30T05:35:03+02:00,,Deposit,CAD,989.53,,,CAD,,,Income,2025-08-29T23:34:00+02:00,"POLCU Job (Veronica)",,"Revenue account","Polish Credit Union (Veronica)",,"Asset account",,,,,,,,,,,,,,,,,,,,,,,,,,739e02ae06d914b84f0c42cc80781bf523d79f34f4a431a0064b168e3344a5d9,,ff3-v6.3.2,,
3,43,43,2025-08-30T05:23:04+02:00,2025-11-03T00:51:41+01:00,,Withdrawal,CAD,-5.85,,,CAD,,,"Parking (Toronto Parking)",2025-08-29T23:22:00+02:00,"Collabria Credit Card (Veronica)",,"Asset account","Gas & Car Expenses",,"Expense account",,,"Parking Fees",,,,,,,,,,,,,,,,,,,,,,,66564a9d1302093c9215415a2f16fd33c703058e39b046f77fdd723466a3ffdf,,ff3-v6.3.2,,
3,77,77,2025-09-13T02:00:30+02:00,2025-09-13T02:00:30+02:00,,Deposit,CAD,0.04,,,CAD,,,"Savings Acct Interest from TD",2025-08-29T19:59:00+02:00,Interest,,"Revenue account","TD Bank (Veronica)",,"Asset account",,,,,,,,,,,,,,,,,,,,,,,,,,f7283fe8fdefde3802ddafa34495ccce4ee2fbcd441cf6013142be5e601c8583,,ff3-v6.3.2,,
3,45,45,2025-08-30T05:26:42+02:00,2025-08-30T05:26:42+02:00,,"Opening balance",USD,23.00,,,CAD,,,"Initial balance for ""Polish Credit Union USD (Veronica)""",2025-08-29T00:00:00+02:00,"Initial balance for ""Polish Credit Union USD (Veronica)""",,"Initial balance account","Polish Credit Union USD (Veronica)",,"Asset account",,,,,,,,,,,,,,,,,,,,,,,,,,c07b844b9ab8cdb5778422c6cc4667011f94fa005cf3de401ce68ab1b6f72c7c,,,,
3,9,9,2025-08-30T02:05:44+02:00,2025-08-30T02:05:44+02:00,,"Opening balance",CAD,10163.00,,,CAD,,,"Initial balance for ""OSAP (Federal)""",2025-08-29T00:00:00+02:00,"OSAP (Federal)",,Loan,"Initial balance for ""OSAP (Federal)""",,"Initial balance account",,,,,,,,,,,,,,,,,,,,,,,,,,f0a235db218de9c4f8d43653f2e5c87ac233656f3fd7324f6a394d9c61efd556,,,,
3,8,8,2025-08-30T01:56:22+02:00,2025-08-30T01:56:22+02:00,,"Opening balance",USD,11.34,,,CAD,,,"Initial balance for ""Omni Community Credit Union (Rico)""",2025-08-29T00:00:00+02:00,"Initial balance for ""Omni Community Credit Union (Rico)""",,"Initial balance account","Omni CCU Checking (Rico)",,"Asset account",,,,,,,,,,,,,,,,,,,,,,,,,,986a11f21cb2de7d5cae3f5b42da126bba53eb86cb0072f3dcd78c0f9eae4168,,,,
3,6,6,2025-08-30T01:52:38+02:00,2025-08-30T01:52:38+02:00,,"Opening balance",CAD,2500.00,,,CAD,,,"Initial balance for ""Polish Credit Union savings account""",2025-08-29T00:00:00+02:00,"Initial balance for ""Polish Credit Union savings account""",,"Initial balance account","Cash Savings (Veronica)",,"Asset account",,,,,,,,,,,,,,,,,,,,,,,,,,4338fc5b609480bf2d7740b50ed01e151b0e78aa25685bc59e157730b1d85f4f,,,,
3,44,44,2025-08-30T05:23:22+02:00,2025-11-03T00:19:05+01:00,,Withdrawal,CAD,-25.01,,,CAD,,,"Gas at Shell",2025-08-28T23:23:00+02:00,"Collabria Credit Card (Veronica)",,"Asset account","Gas & Car Expenses",,"Expense account",,,"Gas & Car Maintenance",,,,,,,,,,,,,,,,,,,,,,,0bb590ee1fa86743b46dcb495ba0b1e8d950479d18149abc267e9a5f0230eb04,,ff3-v6.3.2,,
3,28,28,2025-08-30T04:55:17+02:00,2025-08-30T04:55:17+02:00,,Withdrawal,CAD,-5.09,,,CAD,,,"Sanremo with Natalia",2025-08-27T22:54:00+02:00,"CIBC Costco Credit Card (Veronica)",,"Asset account","Recreational Spending",,"Expense account",,,,,,,,,,,,,,,,,,,,,,,,,,84922617798bed11d1b476118d13ed7babc09a3a8a61f6d6bccd8be1e1adcbbf,,ff3-v6.3.2,,
3,58,58,2025-08-30T05:40:51+02:00,2025-08-30T05:40:51+02:00,,Withdrawal,CAD,-4163.13,,,CAD,,,"Tuition (W25 Portion)",2025-08-26T23:40:00+02:00,"TD Bank (Veronica)",,"Asset account",Tuition,,"Expense account",,,,,,,,,,,,,,,,,,,,,,,,,,1440b38e5b78122264efc27442f31d500e28a57690e64d0a9b97b541e62382ce,,ff3-v6.3.2,,
3,42,42,2025-08-30T05:22:38+02:00,2025-08-30T05:22:38+02:00,,Withdrawal,CAD,-10.94,,,CAD,,,"Wisla Lunch",2025-08-26T23:22:00+02:00,"Collabria Credit Card (Veronica)",,"Asset account",Takeout,,"Expense account",,,,,,,,,,,,,,,,,,,,,,,,,,b03950c97085a25abd959fc1d6598abceb41c62a14f8a46d6582991bf8c409c2,,ff3-v6.3.2,,
3,27,27,2025-08-30T04:54:47+02:00,2025-11-03T00:19:11+01:00,,Withdrawal,CAD,-41.82,,,CAD,,,"Gas at Shell",2025-08-26T22:54:00+02:00,"CIBC Costco Credit Card (Veronica)",,"Asset account","Gas & Car Expenses",,"Expense account",,,"Gas & Car Maintenance",,,,,,,,,,,,,,,,,,,,,,,e8553e93c0f0ba81d679983bdc5987487422edd928045248068583cc865c92e7,,ff3-v6.3.2,,
3,41,41,2025-08-30T05:22:20+02:00,2025-08-30T05:22:20+02:00,,Withdrawal,CAD,-6.55,,,CAD,,,"Groceries at Freshco",2025-08-25T23:21:00+02:00,"Collabria Credit Card (Veronica)",,"Asset account",Groceries,,"Expense account",,,,,,,,,,,,,,,,,,,,,,,,,,9dfb6dadc735661dadb7f8bc8e93f4d1def52e81ab243ed7c94d4e6b49a51c1a,,ff3-v6.3.2,,
3,54,54,2025-08-30T05:34:42+02:00,2025-08-30T05:34:42+02:00,,Withdrawal,CAD,-7.39,,,CAD,,,"Fruit Market with Babcia",2025-08-24T23:34:00+02:00,"Polish Credit Union (Veronica)",,"Asset account",Groceries,,"Expense account",,,,,,,,,,,,,,,,,,,,,,,,,,ad8bed943345bd45079412ba4a2faf903c1c0b04a8df1c65fab906ab2dac1752,,ff3-v6.3.2,,
3,53,53,2025-08-30T05:34:17+02:00,2025-08-30T05:34:17+02:00,,Withdrawal,CAD,-4.44,,,CAD,,,"Jaswoj Cake with Babcia",2025-08-24T23:33:00+02:00,"Polish Credit Union (Veronica)",,"Asset account",Takeout,,"Expense account",,,,,,,,,,,,,,,,,,,,,,,,,,bb84afd3a138c31bf85ef34c041c2ea1aea6ff14b7c4707177fd439d18787d50,,ff3-v6.3.2,,
3,52,52,2025-08-30T05:33:42+02:00,2025-08-30T05:33:42+02:00,,Withdrawal,CAD,-16.95,,,CAD,,,"Arkady with Babcia",2025-08-24T23:33:00+02:00,"Polish Credit Union (Veronica)",,"Asset account",Takeout,,"Expense account",,,,,,,,,,,,,,,,,,,,,,,,,,4ed3a81db3c7a56ee9b7508b620920cee4c1a9a9af7ae8cb3cedbc6812765fb9,,ff3-v6.3.2,,
3,26,26,2025-08-30T04:54:26+02:00,2025-08-30T04:54:26+02:00,,Withdrawal,CAD,-21.47,,,CAD,,,"Tata's Phone Plan (will return) Fizz",2025-08-24T22:53:00+02:00,"CIBC Costco Credit Card (Veronica)",,"Asset account","Household Expenses",,"Expense account",,,,,,,,,,,,,,,,,,,,,,,,,,f58dcd61c35348411f027945a1b77961b7c013a3344a4b9be4c3cbb9c83cc0a7,,ff3-v6.3.2,,
3,40,40,2025-08-30T05:21:57+02:00,2025-08-30T05:21:57+02:00,,Withdrawal,CAD,-6.00,,,CAD,,,"Medication Purchase (Dundas427 Pharmacy)",2025-08-22T23:21:00+02:00,"Collabria Credit Card (Veronica)",,"Asset account","Medical Expenses",,"Expense account",,,,,,"(after Insurance coverage)",,,,,,,,,,,,,,,,,,,,e776dc7bcd8b501dd92c4057fd70f2682737ff718fd9b188b7abca08663bd21c,,ff3-v6.3.2,,
3,25,25,2025-08-30T04:53:26+02:00,2025-11-03T00:19:17+01:00,,Withdrawal,CAD,-24.56,,,CAD,,,"Gas at Shell",2025-08-20T22:53:00+02:00,"CIBC Costco Credit Card (Veronica)",,"Asset account","Gas & Car Expenses",,"Expense account",,,"Gas & Car Maintenance",,,,,,,,,,,,,,,,,,,,,,,9baa8cee6205471d6f1e54e0ac25dd6d77b0ba6655f2b62e0a211961dc9954b2,,ff3-v6.3.2,,
3,24,24,2025-08-30T04:53:03+02:00,2025-08-30T04:53:03+02:00,,Withdrawal,CAD,-14.43,,,CAD,,,"Rice container bought at Walmart",2025-08-20T22:52:00+02:00,"CIBC Costco Credit Card (Veronica)",,"Asset account","Household Expenses",,"Expense account",,,,,,,,,,,,,,,,,,,,,,,,,,2923b320742497f23748fd8af0712054c762fde0f663ed75be01292d2942b029,,ff3-v6.3.2,,
3,23,23,2025-08-30T04:52:24+02:00,2025-08-30T04:53:36+02:00,,Withdrawal,CAD,-4.80,,,CAD,,,"Snack at Absolute Dollar",2025-08-20T22:51:00+02:00,"CIBC Costco Credit Card (Veronica)",,"Asset account","Recreational Spending",,"Expense account",,,,,,,,,,,,,,,,,,,,,,,,,,2894f92e9d93fdd7fc5accee08b753e8e4936d5a8ab00e3ec26d719b1bb41995,,ff3-v6.3.2,,
3,22,22,2025-08-30T04:51:48+02:00,2025-08-30T04:51:48+02:00,,Withdrawal,CAD,-14.79,,,CAD,,,"Wisla Lunch",2025-08-20T22:51:00+02:00,"CIBC Costco Credit Card (Veronica)",,"Asset account",Takeout,,"Expense account",,,,,,,,,,,,,,,,,,,,,,,,,,b97af0fa2c4c7b556b9d9ee55dff3961854ab535dd952d1d0a658ff3e3042075,,ff3-v6.3.2,,
3,21,21,2025-08-30T04:51:29+02:00,2025-08-30T04:51:29+02:00,,Withdrawal,CAD,-4.52,,,CAD,,,"Wisla Lunch",2025-08-19T22:50:00+02:00,"CIBC Costco Credit Card (Veronica)",,"Asset account",Takeout,,"Expense account",,,,,,,,,,,,,,,,,,,,,,,,,,c0d24f3e650123519153ffbbba96181b606109f35966d5a2e3ed70ff8e6ec310,,ff3-v6.3.2,,
3,20,20,2025-08-30T04:50:40+02:00,2025-11-03T00:19:22+01:00,,Withdrawal,CAD,-30.10,,,CAD,,,"Gas at Shell",2025-08-19T22:50:00+02:00,"CIBC Costco Credit Card (Veronica)",,"Asset account","Gas & Car Expenses",,"Expense account",,,"Gas & Car Maintenance",,,,,,,,,,,,,,,,,,,,,,,44469e2e0f4154af724c3ebf24d23ad59b855ca3a8dbdc7dc9fdfb7e5d415979,,ff3-v6.3.2,,
3,39,39,2025-08-30T05:21:10+02:00,2025-08-30T05:21:10+02:00,,Withdrawal,CAD,-12.14,,,CAD,,,"Tickets (Katabasis party with Matylda)",2025-08-18T23:20:00+02:00,"Collabria Credit Card (Veronica)",,"Asset account","Recreational Spending",,"Expense account",,,,,,,,,,,,,,,,,,,,,,,,,,c603e9dc078ed28e769437c8dd7cca251a12c97bb928a3286e16f3bb7a699795,,ff3-v6.3.2,,
3,38,38,2025-08-30T05:20:41+02:00,2025-08-30T05:20:41+02:00,,Withdrawal,CAD,-3.38,,,CAD,,,"Wisla Lunch",2025-08-18T23:19:00+02:00,"Collabria Credit Card (Veronica)",,"Asset account",Takeout,,"Expense account",,,,,,,,,,,,,,,,,,,,,,,,,,5642968e239c9cf85b2494fbb3fd7fce0534086e72d962d7dd860533f6a105a4,,ff3-v6.3.2,,
3,37,37,2025-08-30T05:19:40+02:00,2025-08-30T05:19:56+02:00,,Withdrawal,CAD,-14.62,,,CAD,,,"Japanfest Purchase (Food, Koryo Korean BBQ)",2025-08-16T23:18:00+02:00,"Collabria Credit Card (Veronica)",,"Asset account","Recreational Spending",,"Expense account",,,,,,,,,,,,,,,,,,,,,,,,,,26ae8949c0d6b1d174e09216e56e55344dc90747de09f8306f7c60e83e100515,,ff3-v6.3.2,,
3,36,36,2025-08-30T05:18:34+02:00,2025-08-30T05:18:34+02:00,,Withdrawal,CAD,-4.00,,,CAD,,,"Japanfest Purchase (Postcard, Japanese Paper Cut)",2025-08-16T23:17:00+02:00,"Collabria Credit Card (Veronica)",,"Asset account","Recreational Spending",,"Expense account",,,,,,,,,,,,,,,,,,,,,,,,,,99f27996e016dab6093db0b4d3b25ac7a23320a4b9c6de755c57ae552ba5c67f,,ff3-v6.3.2,,
3,35,35,2025-08-30T05:17:52+02:00,2025-08-30T05:19:49+02:00,,Withdrawal,CAD,-5.65,,,CAD,,,"Japanfest Purchase (Phone case purchase, Jia's Shop)",2025-08-16T23:17:00+02:00,"Collabria Credit Card (Veronica)",,"Asset account","Recreational Spending",,"Expense account",,,,,,,,,,,,,,,,,,,,,,,,,,f0dc8687f69cd821c8bb32717739a33701fc803c228dd0911c1434d561bad939,,ff3-v6.3.2,,
3,51,51,2025-08-30T05:33:15+02:00,2025-08-30T05:33:15+02:00,,Deposit,CAD,749.92,,,CAD,,,Income,2025-08-15T23:32:00+02:00,"POLCU Job (Veronica)",,"Revenue account","Polish Credit Union (Veronica)",,"Asset account",,,,,,,,,,,,,,,,,,,,,,,,,,058c26c856a15cad651017b98ed619f777e31b0e97646ad58ce6348815208de0,,ff3-v6.3.2,,
3,50,50,2025-08-30T05:32:47+02:00,2025-08-30T05:32:47+02:00,,Deposit,CAD,9.72,,,CAD,,,"Income (Safe Balancing)",2025-08-15T23:32:00+02:00,"POLCU Job (Veronica)",,"Revenue account","Polish Credit Union (Veronica)",,"Asset account",,,,,,,,,,,,,,,,,,,,,,,,,,c5e0b3ac6295e3ebc8826afa8fbd901f55a8bb90d282857bb59d59ab2e44f4de,,ff3-v6.3.2,,
3,49,49,2025-08-30T05:32:17+02:00,2025-08-30T05:32:17+02:00,,Deposit,CAD,30.91,,,CAD,,,"GST/HST Credit (GOV)",2025-08-13T23:31:00+02:00,Government,,"Revenue account","Polish Credit Union (Veronica)",,"Asset account",,,,,,,,,,,,,,,,,,,,,,,,,,c1d0e9b22dfa6cdc572c21643db5cd846d06360bfb087751b61d8703811a9b00,,ff3-v6.3.2,,
3,34,34,2025-08-30T05:17:21+02:00,2025-08-30T05:17:21+02:00,,Withdrawal,CAD,-4.40,,,CAD,,,"Steam Purchase (Peak)",2025-08-12T23:16:00+02:00,"Collabria Credit Card (Veronica)",,"Asset account","Recreational Spending",,"Expense account",,,,,,,,,,,,,,,,,,,,,,,,,,f45c32dadd370d77fab90f222444ee0e3c37a883b1992c07a85f33f4926c7c0f,,ff3-v6.3.2,,
3,19,19,2025-08-30T04:50:16+02:00,2025-08-30T04:50:16+02:00,,Withdrawal,CAD,-1.58,,,CAD,,,"Costco Cafeteria",2025-08-12T22:49:00+02:00,"CIBC Costco Credit Card (Veronica)",,"Asset account",Takeout,,"Expense account",,,,,,,,,,,,,,,,,,,,,,,,,,5beb3c086a6eb85abc143efd876cd25bca17e691666211627ec6d01c96ca4b66,,ff3-v6.3.2,,
3,18,18,2025-08-30T04:49:38+02:00,2025-08-30T04:49:38+02:00,,Withdrawal,CAD,-6.09,,,CAD,,,"Groceries at Freshco",2025-08-12T22:49:00+02:00,"CIBC Costco Credit Card (Veronica)",,"Asset account",Groceries,,"Expense account",,,,,,,,,,,,,,,,,,,,,,,,,,74262a474f319301d78dd16a0bc1319267e7fbf8d93671c1db81e461fdef3853,,ff3-v6.3.2,,
3,17,17,2025-08-30T04:49:06+02:00,2025-11-03T00:19:30+01:00,,Withdrawal,CAD,-45.20,,,CAD,,,"Gas at Costco",2025-08-12T22:48:00+02:00,"CIBC Costco Credit Card (Veronica)",,"Asset account","Gas & Car Expenses",,"Expense account",,,"Gas & Car Maintenance",,,,,,,,,,,,,,,,,,,,,,,37fb71016d36c47466ff5241830d6a734de5f5a1b885dc86d09bdacabc9c9a74,,ff3-v6.3.2,,
3,16,16,2025-08-30T04:48:02+02:00,2025-08-30T04:48:02+02:00,,Withdrawal,CAD,-34.29,,,CAD,,,"Groceries at Costco",2025-08-12T22:47:00+02:00,"CIBC Costco Credit Card (Veronica)",,"Asset account",Groceries,,"Expense account",,,,,,,,,,,,,,,,,,,,,,,,,,263ef9fcfc56fea332603de8abe071905aaa665fd8d141953e9b06c4cb792f67,,ff3-v6.3.2,,
3,12,12,2025-08-30T02:06:32+02:00,2025-08-30T02:06:32+02:00,,"Opening balance",CAD,1329.00,,,CAD,,,"Initial balance for ""OSAP (Provincial)""",2025-08-12T00:00:00+02:00,"OSAP (Provincial)",,Debt,"Initial balance for ""OSAP (Provincial)""",,"Initial balance account",,,,,,,,,,,,,,,,,,,,,,,,,,3ee3e85da35454c36e24461fc9d3ef24a6bdaa0a60f114e9367cb8ae8762db36,,,,
3,33,33,2025-08-30T05:16:51+02:00,2025-08-30T05:16:51+02:00,,Withdrawal,CAD,-6.76,,,CAD,,,"Wisla Groceries",2025-08-11T23:16:00+02:00,"Collabria Credit Card (Veronica)",,"Asset account",Groceries,,"Expense account",,,,,,,,,,,,,,,,,,,,,,,,,,3149042b7dd015bd32ea03f1f842420ce0a25a88db5c98758bd1bcf467c7a037,,ff3-v6.3.2,,
3,15,15,2025-08-30T04:47:10+02:00,2025-08-30T04:47:10+02:00,,Withdrawal,CAD,-32.77,,,CAD,,,"Clothes at Plato's Closet",2025-08-08T19:10:00+02:00,"CIBC Costco Credit Card (Veronica)",,"Asset account","Recreational Spending",,"Expense account",,,,,,,,,,,,,,,,,,,,,,,,,,675a7cfd34de3c7752c4c78e6da43a25f291184b98c2535e8bba2aa75672ef7b,,ff3-v6.3.2,,
3,48,48,2025-08-30T05:30:35+02:00,2025-08-30T05:30:35+02:00,,Transfer,CAD,551.62,,,CAD,,,"Bill Payment (CIBC CC)",2025-08-07T23:29:00+02:00,"Polish Credit Union (Veronica)",,"Asset account","CIBC Costco Credit Card (Veronica)",,"Asset account",,,,,,,,,,,,,,,,,,,,,,,,,,69bb575c4d141c455df361bb59a2cecc5d551fdf9bbff18fbc1b70061bcfb3f8,,ff3-v6.3.2,,
3,32,32,2025-08-30T05:16:23+02:00,2025-08-30T05:16:23+02:00,,Withdrawal,CAD,-191.68,,,CAD,,,"Craftsy Membership Renewal (ACCIDENTAL, ASK FOR REFUND)",2025-08-07T23:15:00+02:00,"Collabria Credit Card (Veronica)",,"Asset account","Recreational Spending",,"Expense account",,,,,,,,,,,,,,,,,,,,,,,,,,7c58416546b96c4406689cf428cc3ff28fc33c3f8880b6c91af8f2731b4296f1,,ff3-v6.3.2,,
3,31,31,2025-08-30T05:15:49+02:00,2025-08-30T05:15:49+02:00,,Withdrawal,CAD,-4.79,,,CAD,,,"Foreign Transaction Fee (from Craftsy)",2025-08-07T23:15:00+02:00,"Collabria Credit Card (Veronica)",,"Asset account","Recreational Spending",,"Expense account",,,,,,,,,,,,,,,,,,,,,,,,,,4fe846b251d4e5e4f2125e4129507c15a4d98732fb0c922719925008fd869154,,ff3-v6.3.2,,
3,30,30,2025-08-30T05:15:14+02:00,2025-11-03T00:50:05+01:00,,Withdrawal,CAD,-25.00,,,CAD,,,"Gas at Shell",2025-08-06T23:14:00+02:00,"Collabria Credit Card (Veronica)",,"Asset account","Gas & Car Expenses",,"Expense account",,,"Gas & Car Maintenance",,,,,,,,,,,,,,,,,,,,,,,efe74cee648f06e84e2c75c9e06fef00122f78cd03cfe57966f679a5836faa00,,ff3-v6.3.2,,
3,29,29,2025-08-30T05:13:54+02:00,2025-08-30T05:13:54+02:00,,"Opening balance",CAD,4951.33,,,CAD,,,"Initial balance for ""Collabria Credit Card (Veronica)""",2025-08-06T00:00:00+02:00,"Initial balance for ""Collabria Credit Card (Veronica)""",,"Initial balance account","Collabria Credit Card (Veronica)",,"Asset account",,,,,,,,,,,,,,,,,,,,,,,,,,0c216c861e56b8e42559fd06af8952a66644e471b6cc5801277e8ca6df128278,,,,
3,14,14,2025-08-30T04:39:46+02:00,2025-08-30T04:39:46+02:00,,"Opening balance",CAD,4448.38,,,CAD,,,"Initial balance for ""CIBC Costco Credit Card (Veronica)""",2025-08-06T00:00:00+02:00,"Initial balance for ""CIBC Costco Credit Card (Veronica)""",,"Initial balance account","CIBC Costco Credit Card (Veronica)",,"Asset account",,,,,,,,,,,,,,,,,,,,,,,,,,1cf4385763f12b5d3c7f6c87fec6e6302e012450140389f9906140a5eeb7abb4,,,,
3,47,47,2025-08-30T05:29:46+02:00,2025-08-30T05:29:46+02:00,,Deposit,CAD,714.96,,,CAD,,,Income,2025-08-01T23:29:00+02:00,"POLCU Job (Veronica)",,"Revenue account","Polish Credit Union (Veronica)",,"Asset account",,,,,,,,,,,,,,,,,,,,,,,,,,9bccac8ee2153d5f621c1d6924938bc1d072f220af356fed61df25e57bd48a4e,,ff3-v6.3.2,,
3,46,46,2025-08-30T05:29:20+02:00,2025-08-30T05:29:20+02:00,,Deposit,CAD,6.49,,,CAD,,,"Income (Safe Balancing)",2025-08-01T23:27:00+02:00,"POLCU Job (Veronica)",,"Revenue account","Polish Credit Union (Veronica)",,"Asset account",,,,,,,,,,,,,,,,,,,,,,,,,,239d9991d08f20e9bfd814110d087cfc48fb565c55a5f6d646f2f77a759d18ca,,ff3-v6.3.2,,
3,7,7,2025-08-30T01:55:12+02:00,2025-08-30T01:55:12+02:00,,"Opening balance",CAD,5550.04,,,CAD,,,"Initial balance for ""TD""",2025-08-01T00:00:00+02:00,"Initial balance for ""TD""",,"Initial balance account","TD Bank (Veronica)",,"Asset account",,,,,,,,,,,,,,,,,,,,,,,,,,873c2abe91b57f80537ba50d51798690fe69e8881c0f428a5495f2c3f7c93783,,,,
3,5,5,2025-08-30T01:52:03+02:00,2025-08-30T01:52:03+02:00,,"Opening balance",CAD,1117.86,,,CAD,,,"Initial balance for ""Polish Credit Union""",2025-08-01T00:00:00+02:00,"Initial balance for ""Polish Credit Union""",,"Initial balance account","Polish Credit Union (Veronica)",,"Asset account",,,,,,,,,,,,,,,,,,,,,,,,,,2572b8d117aca067e237ac54f87e850a02bc06d103b0387bfa81774f945d104b,,,,
3,144,144,2025-11-02T23:04:24+01:00,2025-11-02T23:04:24+01:00,,Withdrawal,CAD,-9.03,,,CAD,,,"Shoppers (CHG compatible lotion for bacne)",2025-01-07T17:03:00+01:00,"Collabria Credit Card (Veronica)",,"Asset account","Household Expenses",,"Expense account",,,,,,,,,,,,,,,,,,,,,,,,,,170c9f651ee1f17ff253af35b7a00f58ab51ff202f386056781e51e58759fa83,,ff3-v6.3.2,,
